protein,degree,strength,clustering,ego_nodes,ego_edges,local_density,complex_membership_count,protein_in_any_complex,local_nodes_used,local_edges_used,local_correlation_distance_ph_dim0_count,local_correlation_distance_ph_dim0_finite_count,local_correlation_distance_ph_dim0_mean_lifetime,local_correlation_distance_ph_dim0_max_lifetime,local_correlation_distance_ph_dim0_total_persistence,local_correlation_distance_ph_dim1_count,local_correlation_distance_ph_dim1_finite_count,local_correlation_distance_ph_dim1_mean_lifetime,local_correlation_distance_ph_dim1_max_lifetime,local_correlation_distance_ph_dim1_total_persistence,local_correlation_distance_ph_dim2_count,local_correlation_distance_ph_dim2_finite_count,local_correlation_distance_ph_dim2_mean_lifetime,local_correlation_distance_ph_dim2_max_lifetime,local_correlation_distance_ph_dim2_total_persistence,local_correlation_distance_ph_dim1_landscape_l1,local_correlation_distance_ph_dim1_landscape_max,local_hop_distance_ph_dim0_count,local_hop_distance_ph_dim0_finite_count,local_hop_distance_ph_dim0_mean_lifetime,local_hop_distance_ph_dim0_max_lifetime,local_hop_distance_ph_dim0_total_persistence,local_hop_distance_ph_dim1_count,local_hop_distance_ph_dim1_finite_count,local_hop_distance_ph_dim1_mean_lifetime,local_hop_distance_ph_dim1_max_lifetime,local_hop_distance_ph_dim1_total_persistence,local_hop_distance_ph_dim2_count,local_hop_distance_ph_dim2_finite_count,local_hop_distance_ph_dim2_mean_lifetime,local_hop_distance_ph_dim2_max_lifetime,local_hop_distance_ph_dim2_total_persistence,local_hop_distance_ph_dim1_landscape_l1,local_hop_distance_ph_dim1_landscape_max,local_weighted_shortest_path_ph_dim0_count,local_weighted_shortest_path_ph_dim0_finite_count,local_weighted_shortest_path_ph_dim0_mean_lifetime,local_weighted_shortest_path_ph_dim0_max_lifetime,local_weighted_shortest_path_ph_dim0_total_persistence,local_weighted_shortest_path_ph_dim1_count,local_weighted_shortest_path_ph_dim1_finite_count,local_weighted_shortest_path_ph_dim1_mean_lifetime,local_weighted_shortest_path_ph_dim1_max_lifetime,local_weighted_shortest_path_ph_dim1_total_persistence,local_weighted_shortest_path_ph_dim2_count,local_weighted_shortest_path_ph_dim2_finite_count,local_weighted_shortest_path_ph_dim2_mean_lifetime,local_weighted_shortest_path_ph_dim2_max_lifetime,local_weighted_shortest_path_ph_dim2_total_persistence,local_weighted_shortest_path_ph_dim1_landscape_l1,local_weighted_shortest_path_ph_dim1_landscape_max
ABHD17A,18,8.078666666667,0.01966453151253064,19,24,0.14035087719298245,0,0,19,24,19.0,18.0,0.5035740782817205,0.6916666626930237,9.064333409070969,2.0,2.0,0.016166627407073975,0.019333302974700928,0.03233325481414795,0.0,0.0,0.0,0.0,0.0,1.002445806234369,0.013535356075391169,19.0,18.0,1.0,1.0,18.0,0.0,0.0,0.0,0.0,0.0,0.0,0.0,0.0,0.0,0.0,0.0,0.0,19.0,18.0,0.5035740782817205,0.6916666626930237,9.064333409070969,2.0,2.0,0.016166627407073975,0.019333302974700928,0.03233325481414795,0.0,0.0,0.0,0.0,0.0,1.002445806234369,0.013535356075391169
ACD,70,31.88899999999831,0.05603127583398457,71,339,0.13641851106639838,4,1,30,134,30.0,29.0,0.37545977019030474,0.5193333625793457,10.888333335518837,12.0,12.0,0.02480555574099223,0.12000000476837158,0.29766666889190674,1.0,1.0,0.009333372116088867,0.009333372116088867,0.009333372116088867,2.2025932157071715,0.08350391932911279,30.0,29.0,1.0,1.0,29.0,0.0,0.0,0.0,0.0,0.0,0.0,0.0,0.0,0.0,0.0,0.0,0.0,30.0,29.0,0.37545977019030474,0.5193333625793457,10.888333335518837,12.0,12.0,0.02480555574099223,0.12000000476837158,0.29766666889190674,1.0,1.0,0.009333372116088867,0.009333372116088867,0.009333372116088867,2.2025932157071715,0.08350391932911279
ACTG1,158,76.29433333333532,0.05572243170728054,159,1586,0.12626383249741263,4,1,30,81,30.0,29.0,0.34358620540849094,0.40066665410995483,9.963999956846237,6.0,6.0,0.016111115614573162,0.030000001192092896,0.09666669368743896,0.0,0.0,0.0,0.0,0.0,1.823108762912259,0.020919157192099993,30.0,29.0,1.0,1.0,29.0,0.0,0.0,0.0,0.0,0.0,0.0,0.0,0.0,0.0,0.0,0.0,0.0,30.0,29.0,0.34358620540849094,0.40066665410995483,9.963999956846237,6.0,6.0,0.016111115614573162,0.030000001192092896,0.09666669368743896,0.0,0.0,0.0,0.0,0.0,1.823108762912259,0.020919157192099993
ADAM28,2,0.6659999999999999,0.0,3,2,0.6666666666666666,0,0,3,2,3.0,2.0,0.6669999957084656,0.6823333501815796,1.3339999914169312,0.0,0.0,0.0,0.0,0.0,0.0,0.0,0.0,0.0,0.0,0.0,0.0,3.0,2.0,1.0,1.0,2.0,0.0,0.0,0.0,0.0,0.0,0.0,0.0,0.0,0.0,0.0,0.0,0.0,3.0,2.0,0.6669999957084656,0.6823333501815796,1.3339999914169312,0.0,0.0,0.0,0.0,0.0,0.0,0.0,0.0,0.0,0.0,0.0,0.0
ADRB1,8,4.127666666666,0.042164953529040754,9,10,0.2777777777777778,3,1,9,10,9.0,8.0,0.43770833872258663,0.5659999847412109,3.501666709780693,0.0,0.0,0.0,0.0,0.0,0.0,0.0,0.0,0.0,0.0,0.0,0.0,9.0,8.0,1.0,1.0,8.0,0.0,0.0,0.0,0.0,0.0,0.0,0.0,0.0,0.0,0.0,0.0,0.0,9.0,8.0,0.43770833872258663,0.5659999847412109,3.501666709780693,0.0,0.0,0.0,0.0,0.0,0.0,0.0,0.0,0.0,0.0,0.0,0.0
APH1A,20,12.842666666668002,0.09397114243185353,21,46,0.21904761904761905,7,1,21,46,21.0,20.0,0.34160000290721654,0.6650000214576721,6.832000058144331,2.0,2.0,0.00933334231376648,0.013333350419998169,0.01866668462753296,0.0,0.0,0.0,0.0,0.0,0.11673591151089974,0.009152740653422154,21.0,20.0,1.0,1.0,20.0,0.0,0.0,0.0,0.0,0.0,0.0,0.0,0.0,0.0,0.0,0.0,0.0,21.0,20.0,0.34160000290721654,0.6650000214576721,6.832000058144331,2.0,2.0,0.00933334231376648,0.013333350419998169,0.01866668462753296,0.0,0.0,0.0,0.0,0.0,0.11673591151089974,0.009152740653422154
ARHGEF7,44,19.527333333334003,0.06810863078689801,45,183,0.18484848484848485,4,1,30,116,30.0,29.0,0.36425287559114655,0.5130000114440918,10.56333339214325,12.0,12.0,0.045055560767650604,0.11233332753181458,0.5406667292118073,1.0,1.0,0.0043333470821380615,0.0043333470821380615,0.0043333470821380615,8.001737850978508,0.07881790209817076,30.0,29.0,1.0,1.0,29.0,0.0,0.0,0.0,0.0,0.0,0.0,0.0,0.0,0.0,0.0,0.0,0.0,30.0,29.0,0.36425287559114655,0.5130000114440918,10.56333339214325,12.0,12.0,0.045055560767650604,0.11233332753181458,0.5406667292118073,1.0,1.0,0.0043333470821380615,0.0043333470821380615,0.0043333470821380615,8.001737850978508,0.07881790209817076
ARID4B,42,18.873999999998997,0.0898827391273466,43,232,0.25692137320044295,9,1,30,133,30.0,29.0,0.29642528860733425,0.5163333415985107,8.596333369612694,11.0,11.0,0.04609090631658381,0.07533332705497742,0.5069999694824219,2.0,2.0,0.003999993205070496,0.006999999284744263,0.007999986410140991,3.976142485942103,0.05172380220212469,30.0,29.0,1.0,1.0,29.0,0.0,0.0,0.0,0.0,0.0,0.0,0.0,0.0,0.0,0.0,0.0,0.0,30.0,29.0,0.29642528860733425,0.5163333415985107,8.596333369612694,11.0,11.0,0.043727270581505516,0.07533332705497742,0.48099997639656067,3.0,3.0,0.0029999911785125732,0.006999999284744263,0.00899997353553772,3.523655070395624,0.05172380220212469
ARRDC3,51,21.495666666665002,0.028457284112338936,52,125,0.0942684766214178,0,0,30,66,30.0,29.0,0.4126666655828213,0.5706666707992554,11.967333301901817,9.0,9.0,0.06248148282368978,0.1236666738986969,0.562333345413208,0.0,0.0,0.0,0.0,0.0,7.6188307047779675,0.08705582370529635,30.0,29.0,1.0,1.0,29.0,0.0,0.0,0.0,0.0,0.0,0.0,0.0,0.0,0.0,0.0,0.0,0.0,30.0,29.0,0.4126666655828213,0.5706666707992554,11.967333301901817,9.0,9.0,0.05751852525605096,0.1236666738986969,0.5176667273044586,0.0,0.0,0.0,0.0,0.0,6.848538308470715,0.08705582370529635
ATG16L1,698,300.7809999999969,0.012244146574093725,699,7305,0.02994453804247574,1,1,30,51,30.0,29.0,0.30191953994076826,0.40700000524520874,8.75566665828228,1.0,1.0,0.009666666388511658,0.009666666388511658,0.009666666388511658,0.0,0.0,0.0,0.0,0.0,0.3451521119742756,0.006767688470083822,30.0,29.0,1.0,1.0,29.0,0.0,0.0,0.0,0.0,0.0,0.0,0.0,0.0,0.0,0.0,0.0,0.0,30.0,29.0,0.30191953994076826,0.40700000524520874,8.75566665828228,1.0,1.0,0.009666666388511658,0.009666666388511658,0.009666666388511658,0.0,0.0,0.0,0.0,0.0,0.3451521119742756,0.006767688470083822
ATP7B,19,6.129999999999,0.004871287013927917,20,22,0.11578947368421053,0,0,20,22,20.0,19.0,0.6751052627437993,1.0,12.826999992132187,0.0,0.0,0.0,0.0,0.0,0.0,0.0,0.0,0.0,0.0,0.0,0.0,20.0,19.0,1.0,1.0,19.0,0.0,0.0,0.0,0.0,0.0,0.0,0.0,0.0,0.0,0.0,0.0,0.0,20.0,19.0,0.6751052627437993,1.0,12.826999992132187,0.0,0.0,0.0,0.0,0.0,0.0,0.0,0.0,0.0,0.0,0.0,0.0
BDH1,28,6.8736666666647,0.016567484774035652,29,47,0.11576354679802955,0,0,29,47,29.0,28.0,0.661452383867332,1.0,18.520666748285294,5.0,5.0,0.07326666116714478,0.22566664218902588,0.3663333058357239,0.0,0.0,0.0,0.0,0.0,8.98456762048618,0.15799050790045388,29.0,28.0,1.0,1.0,28.0,0.0,0.0,0.0,0.0,0.0,0.0,0.0,0.0,0.0,0.0,0.0,0.0,29.0,28.0,0.661452383867332,1.0,18.520666748285294,5.0,5.0,0.07326666116714478,0.22566664218902588,0.3663333058357239,0.0,0.0,0.0,0.0,0.0,8.98456762048618,0.15799050790045388
BTF3L4,27,7.1749999999927,0.04111167359418935,28,75,0.1984126984126984,0,0,28,75,28.0,27.0,0.558938275332804,1.0,15.09133343398571,8.0,8.0,0.16679168492555618,0.42133331298828125,1.3343334794044495,0.0,0.0,0.0,0.0,0.0,30.12442598444061,0.2954446091627743,28.0,27.0,1.0,1.0,27.0,0.0,0.0,0.0,0.0,0.0,0.0,0.0,0.0,0.0,0.0,0.0,0.0,28.0,27.0,0.558938275332804,1.0,15.09133343398571,7.0,7.0,0.16757144246782577,0.3323333263397217,1.1730000972747803,0.0,0.0,0.0,0.0,0.0,22.92779692964891,0.23441405045578953
C10orf55,3,0.0,0.0,4,3,0.5,0,0,4,3,4.0,3.0,1.0,1.0,3.0,0.0,0.0,0.0,0.0,0.0,0.0,0.0,0.0,0.0,0.0,0.0,0.0,4.0,3.0,1.0,1.0,3.0,0.0,0.0,0.0,0.0,0.0,0.0,0.0,0.0,0.0,0.0,0.0,0.0,4.0,3.0,1.0,1.0,3.0,0.0,0.0,0.0,0.0,0.0,0.0,0.0,0.0,0.0,0.0,0.0,0.0
C16orf62,19,0.0,0.0,20,90,0.47368421052631576,6,1,20,90,20.0,19.0,0.5531578956073836,1.0,10.510000016540289,3.0,3.0,0.4633333186308543,0.52033331990242,1.3899999558925629,0.0,0.0,0.0,0.0,0.0,44.74760114167637,0.3642883356240697,20.0,19.0,1.0,1.0,19.0,0.0,0.0,0.0,0.0,0.0,0.0,0.0,0.0,0.0,0.0,0.0,0.0,20.0,19.0,0.5531578956073836,1.0,10.510000016540289,3.0,3.0,0.2518888811270396,0.3036666810512543,0.7556666433811188,0.0,0.0,0.0,0.0,0.0,19.361121594506677,0.2134996174663825
C17orf80,26,7.6109999999980005,0.01724062212225901,27,46,0.13105413105413105,0,0,27,46,27.0,26.0,0.6407948732376099,1.0,16.660666704177856,1.0,1.0,0.08433336019515991,0.08433336019515991,0.08433336019515991,0.0,0.0,0.0,0.0,0.0,3.0111556778084227,0.059042268192322056,27.0,26.0,1.0,1.0,26.0,0.0,0.0,0.0,0.0,0.0,0.0,0.0,0.0,0.0,0.0,0.0,0.0,27.0,26.0,0.6407948732376099,1.0,16.660666704177856,1.0,1.0,0.08433336019515991,0.08433336019515991,0.08433336019515991,0.0,0.0,0.0,0.0,0.0,3.0111556778084227,0.059042268192322056
C3AR1,92,20.98533333333269,0.006193329235336078,93,194,0.045348293595137916,0,0,30,43,30.0,29.0,0.5941034534881855,0.7103333473205566,17.22900015115738,0.0,0.0,0.0,0.0,0.0,0.0,0.0,0.0,0.0,0.0,0.0,0.0,30.0,29.0,1.0,1.0,29.0,0.0,0.0,0.0,0.0,0.0,0.0,0.0,0.0,0.0,0.0,0.0,0.0,30.0,29.0,0.5941034534881855,0.7103333473205566,17.22900015115738,0.0,0.0,0.0,0.0,0.0,0.0,0.0,0.0,0.0,0.0,0.0,0.0
C5,9,4.602,0.0,10,9,0.2,0,0,10,9,10.0,9.0,0.48866666356722516,0.6449999809265137,4.397999972105026,0.0,0.0,0.0,0.0,0.0,0.0,0.0,0.0,0.0,0.0,0.0,0.0,10.0,9.0,1.0,1.0,9.0,0.0,0.0,0.0,0.0,0.0,0.0,0.0,0.0,0.0,0.0,0.0,0.0,10.0,9.0,0.48866666356722516,0.6449999809265137,4.397999972105026,0.0,0.0,0.0,0.0,0.0,0.0,0.0,0.0,0.0,0.0,0.0,0.0
CALR,145,67.854666666673,0.043533496877460144,146,1143,0.10798299480396788,3,1,30,100,30.0,29.0,0.34817241440559255,0.42399999499320984,10.097000017762184,7.0,7.0,0.019238088812146868,0.03700000047683716,0.13466662168502808,0.0,0.0,0.0,0.0,0.0,2.861280078635044,0.02615593608592542,30.0,29.0,1.0,1.0,29.0,0.0,0.0,0.0,0.0,0.0,0.0,0.0,0.0,0.0,0.0,0.0,0.0,30.0,29.0,0.34817241440559255,0.42399999499320984,10.097000017762184,7.0,7.0,0.019238088812146868,0.03700000047683716,0.13466662168502808,0.0,0.0,0.0,0.0,0.0,2.861280078635044,0.02615593608592542
CARD14,9,4.275333333332,0.018821615993572637,10,10,0.2222222222222222,0,0,10,10,10.0,9.0,0.5081111159589555,0.7826666831970215,4.5730000436306,0.0,0.0,0.0,0.0,0.0,0.0,0.0,0.0,0.0,0.0,0.0,0.0,10.0,9.0,1.0,1.0,9.0,0.0,0.0,0.0,0.0,0.0,0.0,0.0,0.0,0.0,0.0,0.0,0.0,10.0,9.0,0.5081111159589555,0.7826666831970215,4.5730000436306,0.0,0.0,0.0,0.0,0.0,0.0,0.0,0.0,0.0,0.0,0.0,0.0
CCL18,6,2.193,0.030323467189866553,7,7,0.3333333333333333,0,0,7,7,7.0,6.0,0.6169444421927134,1.0,3.7016666531562805,0.0,0.0,0.0,0.0,0.0,0.0,0.0,0.0,0.0,0.0,0.0,0.0,7.0,6.0,1.0,1.0,6.0,0.0,0.0,0.0,0.0,0.0,0.0,0.0,0.0,0.0,0.0,0.0,0.0,7.0,6.0,0.6169444421927134,1.0,3.7016666531562805,0.0,0.0,0.0,0.0,0.0,0.0,0.0,0.0,0.0,0.0,0.0,0.0
CCL8,2,0.367,0.0,3,2,0.6666666666666666,0,0,3,2,3.0,2.0,0.8165000081062317,0.8833333253860474,1.6330000162124634,0.0,0.0,0.0,0.0,0.0,0.0,0.0,0.0,0.0,0.0,0.0,0.0,3.0,2.0,1.0,1.0,2.0,0.0,0.0,0.0,0.0,0.0,0.0,0.0,0.0,0.0,0.0,0.0,0.0,3.0,2.0,0.8165000081062317,0.8833333253860474,1.6330000162124634,0.0,0.0,0.0,0.0,0.0,0.0,0.0,0.0,0.0,0.0,0.0,0.0
CCT2,304,133.76633333333427,0.05045779271908809,305,5224,0.11268334771354616,2,1,30,149,29.0,28.0,0.24877380998805165,0.39933332800865173,6.965666679665446,6.0,6.0,0.028555552164713543,0.047333329916000366,0.17133331298828125,0.0,0.0,0.0,0.0,0.0,3.4127582942780346,0.03303565296582882,30.0,29.0,1.0,1.0,29.0,0.0,0.0,0.0,0.0,0.0,0.0,0.0,0.0,0.0,0.0,0.0,0.0,30.0,29.0,0.24019543722984288,0.39933332800865173,6.965667679665444,4.0,4.0,0.027916662395000458,0.040333330631256104,0.11166664958000183,0.0,0.0,0.0,0.0,0.0,2.239712572385897,0.028512966457141374
CD2BP2,147,85.48299999999604,0.08963621492570767,148,1764,0.16216216216216217,1,1,30,158,29.0,28.0,0.06530952438645597,0.23100000619888306,1.8286666828207672,9.0,9.0,0.04100000216729111,0.12266667187213898,0.36900001950562,0.0,0.0,0.0,0.0,0.0,5.067603778488633,0.08604766555974999,30.0,29.0,1.0,1.0,29.0,0.0,0.0,0.0,0.0,0.0,0.0,0.0,0.0,0.0,0.0,0.0,0.0,30.0,29.0,0.0630575063041643,0.23100000619888306,1.8286676828207646,1.0,1.0,0.0003333333879709244,0.0003333333879709244,0.0003333333879709244,0.0,0.0,0.0,0.0,0.0,0.011901799257956902,0.0002333686129011164
CDKN1B,93,52.19866666666702,0.0837121877318589,94,735,0.16815374056280027,2,1,30,100,30.0,29.0,0.25091954063752603,0.3863333463668823,7.2766666784882545,5.0,5.0,0.054733335971832275,0.10066667199134827,0.2736666798591614,0.0,0.0,0.0,0.0,0.0,5.282583048052026,0.0707853687605672,30.0,29.0,1.0,1.0,29.0,0.0,0.0,0.0,0.0,0.0,0.0,0.0,0.0,0.0,0.0,0.0,0.0,30.0,29.0,0.25091954063752603,0.3863333463668823,7.2766666784882545,3.0,3.0,0.04399999976158142,0.09733334183692932,0.13199999928474426,0.0,0.0,0.0,0.0,0.0,2.6297935382617283,0.0679569254714614
CDKN2B,55,28.463333333333004,0.19337293236741818,56,587,0.38116883116883116,0,0,30,237,30.0,29.0,0.27408045812927445,0.41999998688697815,7.948333285748959,9.0,9.0,0.026592595709694758,0.06400001049041748,0.2393333613872528,3.0,3.0,0.020333339770634968,0.0533333420753479,0.06100001931190491,2.562798229443754,0.04446141405440539,30.0,29.0,1.0,1.0,29.0,0.0,0.0,0.0,0.0,0.0,0.0,0.0,0.0,0.0,0.0,0.0,0.0,30.0,29.0,0.27408045812927445,0.41999998688697815,7.948333285748959,9.0,9.0,0.026592595709694758,0.06400001049041748,0.2393333613872528,2.0,2.0,0.027333348989486694,0.0533333420753479,0.05466669797897339,2.562798229443754,0.04446141405440539
CES3,6,1.3696666666673,0.0,7,6,0.2857142857142857,0,0,7,6,7.0,6.0,0.7717222273349762,0.9396666884422302,4.630333364009857,0.0,0.0,0.0,0.0,0.0,0.0,0.0,0.0,0.0,0.0,0.0,0.0,7.0,6.0,1.0,1.0,6.0,0.0,0.0,0.0,0.0,0.0,0.0,0.0,0.0,0.0,0.0,0.0,0.0,7.0,6.0,0.7717222273349762,0.9396666884422302,4.630333364009857,0.0,0.0,0.0,0.0,0.0,0.0,0.0,0.0,0.0,0.0,0.0,0.0
CHD8,71,35.594333333335996,0.06838450478372592,72,400,0.1564945226917058,1,1,30,123,30.0,29.0,0.2780229875753666,0.3883333206176758,8.06266663968563,17.0,17.0,0.03566666561014512,0.0846666693687439,0.606333315372467,0.0,0.0,0.0,0.0,0.0,8.853336751366514,0.05945763832055834,30.0,29.0,1.0,1.0,29.0,0.0,0.0,0.0,0.0,0.0,0.0,0.0,0.0,0.0,0.0,0.0,0.0,30.0,29.0,0.2780229875753666,0.3883333206176758,8.06266663968563,17.0,17.0,0.03566666561014512,0.0846666693687439,0.606333315372467,0.0,0.0,0.0,0.0,0.0,8.853336751366514,0.05945763832055834
CHKB,1,0.278666666667,0.0,2,1,1.0,0,0,2,1,2.0,1.0,0.7213333249092102,0.7213333249092102,0.7213333249092102,0.0,0.0,0.0,0.0,0.0,0.0,0.0,0.0,0.0,0.0,0.0,0.0,2.0,1.0,1.0,1.0,1.0,0.0,0.0,0.0,0.0,0.0,0.0,0.0,0.0,0.0,0.0,0.0,0.0,2.0,1.0,0.7213333249092102,0.7213333249092102,0.7213333249092102,0.0,0.0,0.0,0.0,0.0,0.0,0.0,0.0,0.0,0.0,0.0,0.0
CNOT11,46,21.741999999998992,0.1229093787345415,47,321,0.2969472710453284,5,1,30,164,30.0,29.0,0.2859770105830554,0.5210000276565552,8.293333306908607,26.0,26.0,0.034217945085122034,0.12066668272018433,0.8896665722131729,6.0,6.0,0.023000001907348633,0.078000009059906,0.1380000114440918,4.864805495167165,0.08496480859329883,30.0,29.0,1.0,1.0,29.0,0.0,0.0,0.0,0.0,0.0,0.0,0.0,0.0,0.0,0.0,0.0,0.0,30.0,29.0,0.2859770105830554,0.5210000276565552,8.293333306908607,20.0,20.0,0.031233330816030504,0.0963333249092102,0.62466661632061,1.0,1.0,0.006666660308837891,0.006666660308837891,0.006666660308837891,2.9477197615262667,0.0671074770217963
CNTNAP2,8,3.8163333333349994,0.0,9,8,0.2222222222222222,0,0,9,8,9.0,8.0,0.5229583270847797,0.8323333263397217,4.183666616678238,0.0,0.0,0.0,0.0,0.0,0.0,0.0,0.0,0.0,0.0,0.0,0.0,9.0,8.0,1.0,1.0,8.0,0.0,0.0,0.0,0.0,0.0,0.0,0.0,0.0,0.0,0.0,0.0,0.0,9.0,8.0,0.5229583270847797,0.8323333263397217,4.183666616678238,0.0,0.0,0.0,0.0,0.0,0.0,0.0,0.0,0.0,0.0,0.0,0.0
COG2,27,13.656333333331997,0.12853975305684273,28,98,0.25925925925925924,3,1,28,98,28.0,27.0,0.44811110926309117,1.0,12.098999950103462,1.0,1.0,0.05133336782455444,0.05133336782455444,0.05133336782455444,0.0,0.0,0.0,0.0,0.0,1.8328780168160135,0.035938784643451294,28.0,27.0,1.0,1.0,27.0,0.0,0.0,0.0,0.0,0.0,0.0,0.0,0.0,0.0,0.0,0.0,0.0,28.0,27.0,0.44811110926309117,1.0,12.098999950103462,0.0,0.0,0.0,0.0,0.0,0.0,0.0,0.0,0.0,0.0,0.0,0.0
CRTAC1,19,7.472000000001301,0.006863275495865151,20,21,0.11052631578947368,0,0,20,21,20.0,19.0,0.5753684232109472,1.0,10.932000041007996,0.0,0.0,0.0,0.0,0.0,0.0,0.0,0.0,0.0,0.0,0.0,0.0,20.0,19.0,1.0,1.0,19.0,0.0,0.0,0.0,0.0,0.0,0.0,0.0,0.0,0.0,0.0,0.0,0.0,20.0,19.0,0.5753684232109472,1.0,10.932000041007996,0.0,0.0,0.0,0.0,0.0,0.0,0.0,0.0,0.0,0.0,0.0,0.0
CT47A1,1,0.0,0.0,2,1,1.0,0,0,2,1,2.0,1.0,1.0,1.0,1.0,0.0,0.0,0.0,0.0,0.0,0.0,0.0,0.0,0.0,0.0,0.0,0.0,2.0,1.0,1.0,1.0,1.0,0.0,0.0,0.0,0.0,0.0,0.0,0.0,0.0,0.0,0.0,0.0,0.0,2.0,1.0,1.0,1.0,1.0,0.0,0.0,0.0,0.0,0.0,0.0,0.0,0.0,0.0,0.0,0.0,0.0
CTTNBP2,29,0.0,0.0,30,212,0.48735632183908045,0,0,30,212,30.0,29.0,0.3804597722302223,1.0,11.033333394676447,11.0,11.0,0.07596969875422391,0.5063333213329315,0.835666686296463,1.0,1.0,0.0006666481494903564,0.0006666481494903564,0.0006666481494903564,16.64859268887139,0.3562137668558618,30.0,29.0,1.0,1.0,29.0,0.0,0.0,0.0,0.0,0.0,0.0,0.0,0.0,0.0,0.0,0.0,0.0,30.0,29.0,0.3804597722302223,1.0,11.033333394676447,11.0,11.0,0.05363636396147988,0.2606666386127472,0.5900000035762787,1.0,1.0,0.0006666481494903564,0.0006666481494903564,0.0006666481494903564,9.154465044157241,0.18236353798557883
CUBN,8,3.5756666666670003,0.022454253936821145,9,10,0.2777777777777778,2,1,9,10,9.0,8.0,0.5474583320319653,1.0,4.379666656255722,0.0,0.0,0.0,0.0,0.0,0.0,0.0,0.0,0.0,0.0,0.0,0.0,9.0,8.0,1.0,1.0,8.0,0.0,0.0,0.0,0.0,0.0,0.0,0.0,0.0,0.0,0.0,0.0,0.0,9.0,8.0,0.5474583320319653,1.0,4.379666656255722,0.0,0.0,0.0,0.0,0.0,0.0,0.0,0.0,0.0,0.0,0.0,0.0
CYR61,11,0.0,0.0,12,17,0.25757575757575757,2,1,12,17,12.0,11.0,0.7154545445333828,1.0,7.86999998986721,0.0,0.0,0.0,0.0,0.0,0.0,0.0,0.0,0.0,0.0,0.0,0.0,12.0,11.0,1.0,1.0,11.0,0.0,0.0,0.0,0.0,0.0,0.0,0.0,0.0,0.0,0.0,0.0,0.0,12.0,11.0,0.7154545445333828,1.0,7.86999998986721,0.0,0.0,0.0,0.0,0.0,0.0,0.0,0.0,0.0,0.0,0.0,0.0
DDX3X,268,132.5569999999984,0.04916420418687837,269,3878,0.10758475281584642,3,1,30,75,30.0,29.0,0.2759540210767039,0.3813333213329315,8.002666611224413,8.0,8.0,0.02516665682196617,0.0690000057220459,0.20133325457572937,1.0,1.0,0.009000003337860107,0.009000003337860107,0.009000003337860107,4.807274695586958,0.0483072989583854,30.0,29.0,1.0,1.0,29.0,0.0,0.0,0.0,0.0,0.0,0.0,0.0,0.0,0.0,0.0,0.0,0.0,30.0,29.0,0.2759540210767039,0.3813333213329315,8.002666611224413,8.0,8.0,0.02516665682196617,0.0690000057220459,0.20133325457572937,1.0,1.0,0.009000003337860107,0.009000003337860107,0.009000003337860107,4.807274695586958,0.0483072989583854
DDX50,55,22.914666666664,0.13197275287239738,56,473,0.30714285714285716,0,0,30,202,30.0,29.0,0.3235517236693152,0.5443333387374878,9.382999986410141,9.0,9.0,0.049185183313157826,0.1340000033378601,0.4426666498184204,1.0,1.0,0.006999999284744263,0.006999999284744263,0.006999999284744263,7.002344170956088,0.09450491780166805,30.0,29.0,1.0,1.0,29.0,0.0,0.0,0.0,0.0,0.0,0.0,0.0,0.0,0.0,0.0,0.0,0.0,30.0,29.0,0.3235517236693152,0.5443333387374878,9.382999986410141,9.0,9.0,0.049185183313157826,0.1340000033378601,0.4426666498184204,1.0,1.0,0.006999999284744263,0.006999999284744263,0.006999999284744263,7.002344170956088,0.09450491780166805
DIABLO,50,29.349000000002004,0.04142698040555889,51,133,0.10431372549019607,0,0,30,74,30.0,29.0,0.3077586205868885,0.4000000059604645,8.924999997019768,1.0,1.0,0.05699998140335083,0.05699998140335083,0.05699998140335083,0.0,0.0,0.0,0.0,0.0,2.035206675513505,0.03990601324536287,30.0,29.0,1.0,1.0,29.0,0.0,0.0,0.0,0.0,0.0,0.0,0.0,0.0,0.0,0.0,0.0,0.0,30.0,29.0,0.3077586205868885,0.4000000059604645,8.924999997019768,1.0,1.0,0.05699998140335083,0.05699998140335083,0.05699998140335083,0.0,0.0,0.0,0.0,0.0,2.035206675513505,0.03990601324536287
DMRTC1,1,0.0713333333333,0.0,2,1,1.0,0,0,2,1,2.0,1.0,0.9286666512489319,0.9286666512489319,0.9286666512489319,0.0,0.0,0.0,0.0,0.0,0.0,0.0,0.0,0.0,0.0,0.0,0.0,2.0,1.0,1.0,1.0,1.0,0.0,0.0,0.0,0.0,0.0,0.0,0.0,0.0,0.0,0.0,0.0,0.0,2.0,1.0,0.9286666512489319,0.9286666512489319,0.9286666512489319,0.0,0.0,0.0,0.0,0.0,0.0,0.0,0.0,0.0,0.0,0.0,0.0
DNAJB1,110,55.84500000000099,0.06138794151754289,111,886,0.14512694512694513,1,1,30,95,30.0,29.0,0.2863678139602316,0.40433332324028015,8.304666604846716,8.0,8.0,0.03733333200216293,0.0899999737739563,0.29866665601730347,0.0,0.0,0.0,0.0,0.0,5.956793036367838,0.06342954981290541,30.0,29.0,1.0,1.0,29.0,0.0,0.0,0.0,0.0,0.0,0.0,0.0,0.0,0.0,0.0,0.0,0.0,30.0,29.0,0.2863678139602316,0.40433332324028015,8.304666604846716,4.0,4.0,0.025083325803279877,0.041666656732559204,0.1003333032131195,0.0,0.0,0.0,0.0,0.0,1.35834929299904,0.028886380858219367
DPY30,76,41.024333333335996,0.061497207508313,77,413,0.14114832535885166,11,1,30,103,30.0,29.0,0.24619540315249872,0.4273333251476288,7.1396666914224625,16.0,16.0,0.052083333022892475,0.1066666841506958,0.8333333283662796,0.0,0.0,0.0,0.0,0.0,6.141080136384943,0.07490663689543822,30.0,29.0,1.0,1.0,29.0,0.0,0.0,0.0,0.0,0.0,0.0,0.0,0.0,0.0,0.0,0.0,0.0,30.0,29.0,0.24619540315249872,0.4273333251476288,7.1396666914224625,12.0,12.0,0.0499444454908371,0.1066666841506958,0.5993333458900452,0.0,0.0,0.0,0.0,0.0,4.184032756701888,0.07337576268497599
EDEM1,34,16.007666666668,0.03440442633118908,35,69,0.11596638655462185,0,0,30,64,30.0,29.0,0.4145517261891529,0.6959999799728394,12.022000059485435,6.0,6.0,0.09916666150093079,0.1629999876022339,0.5949999690055847,0.0,0.0,0.0,0.0,0.0,10.799041248608871,0.11408922212439401,30.0,29.0,1.0,1.0,29.0,0.0,0.0,0.0,0.0,0.0,0.0,0.0,0.0,0.0,0.0,0.0,0.0,30.0,29.0,0.4145517261891529,0.6959999799728394,12.022000059485435,6.0,6.0,0.09061111013094585,0.1303333044052124,0.543666660785675,0.0,0.0,0.0,0.0,0.0,8.574946341582374,0.09190520671131741
ELK1,28,14.310333333333997,0.06853967017214377,29,76,0.18719211822660098,3,1,29,76,29.0,28.0,0.3661071402685983,0.7026666402816772,10.250999927520752,13.0,13.0,0.054794868597617515,0.14866667985916138,0.7123332917690277,0.0,0.0,0.0,0.0,0.0,8.630322982768838,0.10412906803461586,29.0,28.0,1.0,1.0,28.0,0.0,0.0,0.0,0.0,0.0,0.0,0.0,0.0,0.0,0.0,0.0,0.0,29.0,28.0,0.3661071402685983,0.7026666402816772,10.250999927520752,12.0,12.0,0.0489999974767367,0.14866667985916138,0.5879999697208405,0.0,0.0,0.0,0.0,0.0,6.611195280721368,0.10412906803461586
ELL,36,20.837666666667996,0.10986738878441986,37,149,0.22372372372372373,1,1,30,121,30.0,29.0,0.2457241377439992,0.4546666741371155,7.125999994575977,10.0,10.0,0.0270333394408226,0.0846666693687439,0.270333394408226,2.0,2.0,0.04349999129772186,0.058999985456466675,0.08699998259544373,1.5044621020754037,0.05909823127852939,30.0,29.0,1.0,1.0,29.0,0.0,0.0,0.0,0.0,0.0,0.0,0.0,0.0,0.0,0.0,0.0,0.0,30.0,29.0,0.2457241377439992,0.4546666741371155,7.125999994575977,8.0,8.0,0.021500004455447197,0.0846666693687439,0.17200003564357758,2.0,2.0,0.02799999713897705,0.045666664838790894,0.0559999942779541,1.0618364323176819,0.05870620341034413
EP300,536,287.05099999999743,0.02850922047068645,537,7928,0.05508769004141305,22,1,30,72,29.0,28.0,0.1894642851714577,0.3089999854564667,5.304999984800816,16.0,16.0,0.04924999736249447,0.17499999701976776,0.7879999577999115,0.0,0.0,0.0,0.0,0.0,12.263770657798856,0.1234986443879193,30.0,29.0,1.0,1.0,29.0,0.0,0.0,0.0,0.0,0.0,0.0,0.0,0.0,0.0,0.0,0.0,0.0,30.0,29.0,0.18293106844140736,0.3089999854564667,5.305000984800813,6.0,6.0,0.04794460783402125,0.08633333444595337,0.2876676470041275,0.0,0.0,0.0,0.0,0.0,3.1449187191542345,0.06048913194510333
EXOC2,52,22.458999999998003,0.05948096776328556,53,234,0.16981132075471697,1,1,30,93,30.0,29.0,0.35440229804351414,0.5686666369438171,10.27766664326191,8.0,8.0,0.0455833300948143,0.14600002765655518,0.3646666407585144,0.0,0.0,0.0,0.0,0.0,7.699824208000677,0.10320959864693516,30.0,29.0,1.0,1.0,29.0,0.0,0.0,0.0,0.0,0.0,0.0,0.0,0.0,0.0,0.0,0.0,0.0,30.0,29.0,0.35440229804351414,0.5686666369438171,10.27766664326191,3.0,3.0,0.05744444330533346,0.08366668224334717,0.17233332991600037,0.0,0.0,0.0,0.0,0.0,3.2965089848250146,0.058752870821329455
EXOSC3,39,22.155333333333996,0.18227943925855652,40,271,0.3474358974358974,3,1,30,185,30.0,29.0,0.24403448210194192,0.5239999890327454,7.076999980956316,11.0,11.0,0.044515153223818,0.08566668629646301,0.489666685461998,1.0,1.0,0.0003333091735839844,0.0003333091735839844,0.0003333091735839844,2.597723764205928,0.05773071042860426,30.0,29.0,1.0,1.0,29.0,0.0,0.0,0.0,0.0,0.0,0.0,0.0,0.0,0.0,0.0,0.0,0.0,30.0,29.0,0.24403448210194192,0.5239999890327454,7.076999980956316,10.0,10.0,0.04173333495855332,0.0833333432674408,0.41733334958553314,1.0,1.0,0.0003333091735839844,0.0003333091735839844,0.0003333091735839844,2.1898748721172088,0.0576467403442658
F2RL3,2,0.335666666667,0.0,3,2,0.6666666666666666,0,0,3,2,3.0,2.0,0.8321666717529297,1.0,1.6643333435058594,0.0,0.0,0.0,0.0,0.0,0.0,0.0,0.0,0.0,0.0,0.0,0.0,3.0,2.0,1.0,1.0,2.0,0.0,0.0,0.0,0.0,0.0,0.0,0.0,0.0,0.0,0.0,0.0,0.0,3.0,2.0,0.8321666717529297,1.0,1.6643333435058594,0.0,0.0,0.0,0.0,0.0,0.0,0.0,0.0,0.0,0.0,0.0,0.0
FAM168A,35,10.788999999989,0.04490651611135803,36,117,0.18571428571428572,0,0,30,84,30.0,29.0,0.4797011552185848,0.6666666865348816,13.911333501338959,9.0,9.0,0.10762965679168701,0.21533334255218506,0.9686669111251831,0.0,0.0,0.0,0.0,0.0,21.975974079561546,0.15075610567744138,30.0,29.0,1.0,1.0,29.0,0.0,0.0,0.0,0.0,0.0,0.0,0.0,0.0,0.0,0.0,0.0,0.0,30.0,29.0,0.4797011552185848,0.6666666865348816,13.911333501338959,9.0,9.0,0.10011113352245754,0.21533334255218506,0.9010002017021179,0.0,0.0,0.0,0.0,0.0,19.431332053963935,0.15075610567744138
FAM21A,40,0.0,0.0,41,157,0.19146341463414634,1,1,30,111,30.0,29.0,0.4773333329578926,1.0,13.842666655778885,8.0,8.0,0.3700000010430813,0.6493333280086517,2.9600000083446503,0.0,0.0,0.0,0.0,0.0,74.89856206210466,0.4554981176657753,30.0,29.0,1.0,1.0,29.0,0.0,0.0,0.0,0.0,0.0,0.0,0.0,0.0,0.0,0.0,0.0,0.0,30.0,29.0,0.4773333329578926,1.0,13.842666655778885,6.0,6.0,0.09044445057710011,0.19900000095367432,0.5426667034626007,0.0,0.0,0.0,0.0,0.0,7.358657971061765,0.1402871857123088
FAU,78,39.950333333326014,0.2635602101280368,79,1526,0.4952937358000649,3,1,30,316,30.0,29.0,0.20788505776175137,0.39899998903274536,6.02866667509079,11.0,11.0,0.012666667049581354,0.039333343505859375,0.1393333375453949,0.0,0.0,0.0,0.0,0.0,0.3810303420288048,0.027117428802640182,30.0,29.0,1.0,1.0,29.0,0.0,0.0,0.0,0.0,0.0,0.0,0.0,0.0,0.0,0.0,0.0,0.0,30.0,29.0,0.20788505776175137,0.39899998903274536,6.02866667509079,11.0,11.0,0.012666667049581354,0.039333343505859375,0.1393333375453949,0.0,0.0,0.0,0.0,0.0,0.3810303420288048,0.027117428802640182
FLNA,301,150.049666666663,0.044141991523374266,302,4422,0.09729158874392202,1,1,30,89,30.0,29.0,0.3005747127121893,0.3686666786670685,8.716666668653488,14.0,14.0,0.023809520261628286,0.06866666674613953,0.333333283662796,0.0,0.0,0.0,0.0,0.0,5.137239136034618,0.048503323116218515,30.0,29.0,1.0,1.0,29.0,0.0,0.0,0.0,0.0,0.0,0.0,0.0,0.0,0.0,0.0,0.0,0.0,30.0,29.0,0.3005747127121893,0.3686666786670685,8.716666668653488,14.0,14.0,0.023809520261628286,0.06866666674613953,0.333333283662796,0.0,0.0,0.0,0.0,0.0,5.137239136034618,0.048503323116218515
FOXD2,3,0.5966666666673,0.0,4,3,0.5,0,0,4,3,4.0,3.0,0.801111121972402,0.9596666693687439,2.403333365917206,0.0,0.0,0.0,0.0,0.0,0.0,0.0,0.0,0.0,0.0,0.0,0.0,4.0,3.0,1.0,1.0,3.0,0.0,0.0,0.0,0.0,0.0,0.0,0.0,0.0,0.0,0.0,0.0,0.0,4.0,3.0,0.801111121972402,0.9596666693687439,2.403333365917206,0.0,0.0,0.0,0.0,0.0,0.0,0.0,0.0,0.0,0.0,0.0,0.0
FOXM1,77,46.00466666666801,0.0551301063554143,78,331,0.11022311022311022,1,1,30,99,26.0,25.0,0.2473866666853428,0.33266666531562805,6.18466666713357,1.0,1.0,0.002666682004928589,0.002666682004928589,0.002666682004928589,0.0,0.0,0.0,0.0,0.0,0.09521492611545601,0.0018669593355972076,30.0,29.0,1.0,1.0,29.0,0.0,0.0,0.0,0.0,0.0,0.0,0.0,0.0,0.0,0.0,0.0,0.0,30.0,29.0,0.2132645057632262,0.33266666531562805,6.18467066713356,0.0,0.0,0.0,0.0,0.0,0.0,0.0,0.0,0.0,0.0,0.0,0.0
FRK,10,5.159333333333,0.13158136886074764,11,21,0.38181818181818183,0,0,11,21,11.0,10.0,0.4310333251953125,0.5189999938011169,4.310333251953125,1.0,1.0,0.0016666650772094727,0.0016666650772094727,0.0016666650772094727,0.0,0.0,0.0,0.0,0.0,0.05950892978330932,0.0011668417604570672,11.0,10.0,1.0,1.0,10.0,0.0,0.0,0.0,0.0,0.0,0.0,0.0,0.0,0.0,0.0,0.0,0.0,11.0,10.0,0.4310333251953125,0.5189999938011169,4.310333251953125,1.0,1.0,0.0016666650772094727,0.0016666650772094727,0.0016666650772094727,0.0,0.0,0.0,0.0,0.0,0.05950892978330932,0.0011668417604570672
GOLGA8F,18,0.0,0.0,19,24,0.14035087719298245,0,0,19,24,19.0,18.0,0.8867222236262428,1.0,15.96100002527237,0.0,0.0,0.0,0.0,0.0,0.0,0.0,0.0,0.0,0.0,0.0,0.0,19.0,18.0,1.0,1.0,18.0,0.0,0.0,0.0,0.0,0.0,0.0,0.0,0.0,0.0,0.0,0.0,0.0,19.0,18.0,0.8867222236262428,1.0,15.96100002527237,0.0,0.0,0.0,0.0,0.0,0.0,0.0,0.0,0.0,0.0,0.0,0.0
GPD1,9,3.030333333334,0.05732551534458113,10,14,0.3111111111111111,0,0,10,14,10.0,9.0,0.6027407381269667,0.8256666660308838,5.4246666431427,0.0,0.0,0.0,0.0,0.0,0.0,0.0,0.0,0.0,0.0,0.0,0.0,10.0,9.0,1.0,1.0,9.0,0.0,0.0,0.0,0.0,0.0,0.0,0.0,0.0,0.0,0.0,0.0,0.0,10.0,9.0,0.6027407381269667,0.8256666660308838,5.4246666431427,0.0,0.0,0.0,0.0,0.0,0.0,0.0,0.0,0.0,0.0,0.0,0.0
GPR17,1,0.0,0.0,2,1,1.0,0,0,2,1,2.0,1.0,1.0,1.0,1.0,0.0,0.0,0.0,0.0,0.0,0.0,0.0,0.0,0.0,0.0,0.0,0.0,2.0,1.0,1.0,1.0,1.0,0.0,0.0,0.0,0.0,0.0,0.0,0.0,0.0,0.0,0.0,0.0,0.0,2.0,1.0,1.0,1.0,1.0,0.0,0.0,0.0,0.0,0.0,0.0,0.0,0.0,0.0,0.0,0.0,0.0
GSPT1,48,28.952333333334,0.12387721422169183,49,286,0.24319727891156462,2,1,30,117,30.0,29.0,0.254505745938112,0.42633333802223206,7.380666632205248,8.0,8.0,0.030833333730697632,0.06133332848548889,0.24666666984558105,0.0,0.0,0.0,0.0,0.0,1.8030523696528846,0.04209035295559054,30.0,29.0,1.0,1.0,29.0,0.0,0.0,0.0,0.0,0.0,0.0,0.0,0.0,0.0,0.0,0.0,0.0,30.0,29.0,0.254505745938112,0.42633333802223206,7.380666632205248,3.0,3.0,0.038777788480122886,0.06133332848548889,0.11633336544036865,0.0,0.0,0.0,0.0,0.0,2.2899292654623062,0.04321984217587876
GSTZ1,9,3.813999999999,0.106587935711074,10,17,0.37777777777777777,0,0,10,17,10.0,9.0,0.5224074025948843,0.9150000214576721,4.701666623353958,2.0,2.0,0.04399999976158142,0.050000011920928955,0.08799999952316284,0.0,0.0,0.0,0.0,0.0,1.4174246289410308,0.034771922018217674,10.0,9.0,1.0,1.0,9.0,0.0,0.0,0.0,0.0,0.0,0.0,0.0,0.0,0.0,0.0,0.0,0.0,10.0,9.0,0.5224074025948843,0.9150000214576721,4.701666623353958,2.0,2.0,0.04399999976158142,0.050000011920928955,0.08799999952316284,0.0,0.0,0.0,0.0,0.0,1.4174246289410308,0.034771922018217674
GTF2A2,8,5.007666666666,0.24730503151516786,9,19,0.5277777777777778,4,1,9,19,9.0,8.0,0.3096249960362911,0.5823333263397217,2.476999968290329,1.0,1.0,0.002666682004928589,0.002666682004928589,0.002666682004928589,0.0,0.0,0.0,0.0,0.0,0.09521492611545601,0.0018669593355972076,9.0,8.0,1.0,1.0,8.0,0.0,0.0,0.0,0.0,0.0,0.0,0.0,0.0,0.0,0.0,0.0,0.0,9.0,8.0,0.3096249960362911,0.5823333263397217,2.476999968290329,1.0,1.0,0.002666682004928589,0.002666682004928589,0.002666682004928589,0.0,0.0,0.0,0.0,0.0,0.09521492611545601,0.0018669593355972076
HDL3,1,0.0,0.0,2,1,1.0,0,0,2,1,2.0,1.0,1.0,1.0,1.0,0.0,0.0,0.0,0.0,0.0,0.0,0.0,0.0,0.0,0.0,0.0,0.0,2.0,1.0,1.0,1.0,1.0,0.0,0.0,0.0,0.0,0.0,0.0,0.0,0.0,0.0,0.0,0.0,0.0,2.0,1.0,1.0,1.0,1.0,0.0,0.0,0.0,0.0,0.0,0.0,0.0,0.0,0.0,0.0,0.0,0.0
HMBOX1,68,29.779333333330005,0.017990931192161743,69,169,0.07203751065643649,0,0,30,54,30.0,29.0,0.35013792895037554,0.48133334517478943,10.15399993956089,2.0,2.0,0.08600001037120819,0.1290000081062317,0.17200002074241638,0.0,0.0,0.0,0.0,0.0,5.117773402481028,0.09031364406439213,30.0,29.0,1.0,1.0,29.0,0.0,0.0,0.0,0.0,0.0,0.0,0.0,0.0,0.0,0.0,0.0,0.0,30.0,29.0,0.35013792895037554,0.48133334517478943,10.15399993956089,2.0,2.0,0.07533334195613861,0.11833333969116211,0.15066668391227722,0.0,0.0,0.0,0.0,0.0,4.540550099900578,0.0828458484515564
HOXC8,10,4.314333333333,0.06983822853653368,11,16,0.2909090909090909,1,1,11,16,11.0,10.0,0.5172666639089585,0.8253333568572998,5.172666639089584,0.0,0.0,0.0,0.0,0.0,0.0,0.0,0.0,0.0,0.0,0.0,0.0,11.0,10.0,1.0,1.0,10.0,0.0,0.0,0.0,0.0,0.0,0.0,0.0,0.0,0.0,0.0,0.0,0.0,11.0,10.0,0.5172666639089585,0.8253333568572998,5.172666639089584,0.0,0.0,0.0,0.0,0.0,0.0,0.0,0.0,0.0,0.0,0.0,0.0
HTT,159,80.35966666666403,0.022690943048164793,160,727,0.05715408805031447,4,1,30,50,30.0,29.0,0.33998850707350103,0.4036666750907898,9.85966670513153,5.0,5.0,0.00506666898727417,0.0169999897480011,0.02533334493637085,0.0,0.0,0.0,0.0,0.0,0.175558250353668,0.011649761156023697,30.0,29.0,1.0,1.0,29.0,0.0,0.0,0.0,0.0,0.0,0.0,0.0,0.0,0.0,0.0,0.0,0.0,30.0,29.0,0.33998850707350103,0.4036666750907898,9.85966670513153,5.0,5.0,0.00506666898727417,0.0169999897480011,0.02533334493637085,0.0,0.0,0.0,0.0,0.0,0.175558250353668,0.011649761156023697
IFNA4,10,7.243999999999,0.14625047788907844,11,19,0.34545454545454546,0,0,11,19,11.0,10.0,0.26976666450500486,0.5419999957084656,2.697666645050049,2.0,2.0,0.05833333730697632,0.05833333730697632,0.11666667461395264,0.0,0.0,0.0,0.0,0.0,4.165629341246067,0.04083950334554967,11.0,10.0,1.0,1.0,10.0,0.0,0.0,0.0,0.0,0.0,0.0,0.0,0.0,0.0,0.0,0.0,0.0,11.0,10.0,0.26976666450500486,0.5419999957084656,2.697666645050049,0.0,0.0,0.0,0.0,0.0,0.0,0.0,0.0,0.0,0.0,0.0,0.0
ISOC2,30,13.92633333333,0.04429277150775664,31,69,0.14838709677419354,0,0,30,65,30.0,29.0,0.49354022946851006,1.0,14.312666654586792,3.0,3.0,0.03433334827423096,0.05233335494995117,0.10300004482269287,0.0,0.0,0.0,0.0,0.0,0.7774677558030462,0.03658753146968962,30.0,29.0,1.0,1.0,29.0,0.0,0.0,0.0,0.0,0.0,0.0,0.0,0.0,0.0,0.0,0.0,0.0,30.0,29.0,0.49354022946851006,1.0,14.312666654586792,3.0,3.0,0.024000008900960285,0.05233335494995117,0.07200002670288086,0.0,0.0,0.0,0.0,0.0,0.6167563116262403,0.035924785213017146
ITIH2,19,5.089,0.010087837744348679,20,28,0.14736842105263157,0,0,20,28,20.0,19.0,0.6802105291893608,1.0,12.924000054597855,1.0,1.0,0.10266667604446411,0.10266667604446411,0.10266667604446411,0.0,0.0,0.0,0.0,0.0,3.6657539054248267,0.07187752755734948,20.0,19.0,1.0,1.0,19.0,0.0,0.0,0.0,0.0,0.0,0.0,0.0,0.0,0.0,0.0,0.0,0.0,20.0,19.0,0.6802105291893608,1.0,12.924000054597855,1.0,1.0,0.10266667604446411,0.10266667604446411,0.10266667604446411,0.0,0.0,0.0,0.0,0.0,3.6657539054248267,0.07187752755734948
IVNS1ABP,89,54.13733333333399,0.10425308341521075,90,819,0.20449438202247192,0,0,30,127,30.0,29.0,0.23763218470688524,0.33633333444595337,6.891333356499672,3.0,3.0,0.020777771870295208,0.03866666555404663,0.06233331561088562,0.0,0.0,0.0,0.0,0.0,1.134619200737032,0.027294782323878462,30.0,29.0,1.0,1.0,29.0,0.0,0.0,0.0,0.0,0.0,0.0,0.0,0.0,0.0,0.0,0.0,0.0,30.0,29.0,0.23763218470688524,0.33633333444595337,6.891333356499672,3.0,3.0,0.020777771870295208,0.03866666555404663,0.06233331561088562,0.0,0.0,0.0,0.0,0.0,1.134619200737032,0.027294782323878462
KCNC1,8,4.310333333334,0.010633618539511619,9,9,0.25,0,0,9,9,9.0,8.0,0.420208340510726,0.7350000143051147,3.361666724085808,0.0,0.0,0.0,0.0,0.0,0.0,0.0,0.0,0.0,0.0,0.0,0.0,9.0,8.0,1.0,1.0,8.0,0.0,0.0,0.0,0.0,0.0,0.0,0.0,0.0,0.0,0.0,0.0,0.0,9.0,8.0,0.420208340510726,0.7350000143051147,3.361666724085808,0.0,0.0,0.0,0.0,0.0,0.0,0.0,0.0,0.0,0.0,0.0,0.0
KIAA1109,8,3.994,0.094631834950523,9,14,0.3888888888888889,0,0,9,14,9.0,8.0,0.5007500015199184,1.0,4.0060000121593475,0.0,0.0,0.0,0.0,0.0,0.0,0.0,0.0,0.0,0.0,0.0,0.0,9.0,8.0,1.0,1.0,8.0,0.0,0.0,0.0,0.0,0.0,0.0,0.0,0.0,0.0,0.0,0.0,0.0,9.0,8.0,0.5007500015199184,1.0,4.0060000121593475,0.0,0.0,0.0,0.0,0.0,0.0,0.0,0.0,0.0,0.0,0.0,0.0
KIAA1328,8,2.666666666664,0.18988377636818507,9,21,0.5833333333333334,0,0,9,21,9.0,8.0,0.43983334116637707,0.6666666865348816,3.5186667293310165,0.0,0.0,0.0,0.0,0.0,0.0,0.0,0.0,0.0,0.0,0.0,0.0,9.0,8.0,1.0,1.0,8.0,0.0,0.0,0.0,0.0,0.0,0.0,0.0,0.0,0.0,0.0,0.0,0.0,9.0,8.0,0.43983334116637707,0.6666666865348816,3.5186667293310165,0.0,0.0,0.0,0.0,0.0,0.0,0.0,0.0,0.0,0.0,0.0,0.0
KIF23,64,31.47733333333099,0.059590719329608036,65,300,0.14423076923076922,3,1,30,83,30.0,29.0,0.3504022986724459,0.46799999475479126,10.16166666150093,12.0,12.0,0.03288888682921728,0.07966667413711548,0.3946666419506073,0.0,0.0,0.0,0.0,0.0,6.405132661623132,0.055462355357473056,30.0,29.0,1.0,1.0,29.0,0.0,0.0,0.0,0.0,0.0,0.0,0.0,0.0,0.0,0.0,0.0,0.0,30.0,29.0,0.3504022986724459,0.46799999475479126,10.16166666150093,12.0,12.0,0.03288888682921728,0.07966667413711548,0.3946666419506073,0.0,0.0,0.0,0.0,0.0,6.405132661623132,0.055462355357473056
KIF2B,42,10.8156666666657,0.0192061077151723,43,95,0.10520487264673312,0,0,30,54,30.0,29.0,0.4516321809898163,0.7379999756813049,13.097333248704672,1.0,1.0,0.06833332777023315,0.06833332777023315,0.06833332777023315,0.0,0.0,0.0,0.0,0.0,2.43986824932289,0.047840553908291915,30.0,29.0,1.0,1.0,29.0,0.0,0.0,0.0,0.0,0.0,0.0,0.0,0.0,0.0,0.0,0.0,0.0,30.0,29.0,0.4516321809898163,0.7379999756813049,13.097333248704672,1.0,1.0,0.06833332777023315,0.06833332777023315,0.06833332777023315,0.0,0.0,0.0,0.0,0.0,2.43986824932289,0.047840553908291915
KIF3A,76,30.539666666667998,0.015631398899138994,77,173,0.059125085440874914,1,1,30,60,30.0,29.0,0.4046206875094052,0.5456666946411133,11.73399993777275,6.0,6.0,0.0358889102935791,0.05566668510437012,0.2153334617614746,0.0,0.0,0.0,0.0,0.0,3.631931614080594,0.039056567299470976,30.0,29.0,1.0,1.0,29.0,0.0,0.0,0.0,0.0,0.0,0.0,0.0,0.0,0.0,0.0,0.0,0.0,30.0,29.0,0.4046206875094052,0.5456666946411133,11.73399993777275,6.0,6.0,0.0358889102935791,0.05566668510437012,0.2153334617614746,0.0,0.0,0.0,0.0,0.0,3.631931614080594,0.039056567299470976
KIFC3,118,54.21566666666203,0.028789455921271048,119,562,0.08004557755305512,0,0,30,66,30.0,29.0,0.3470114942254691,0.468666672706604,10.063333332538605,7.0,7.0,0.11923808923789433,0.29466666281223297,0.8346666246652603,0.0,0.0,0.0,0.0,0.0,22.905493015423676,0.20814609013299973,30.0,29.0,1.0,1.0,29.0,0.0,0.0,0.0,0.0,0.0,0.0,0.0,0.0,0.0,0.0,0.0,0.0,30.0,29.0,0.3470114942254691,0.468666672706604,10.063333332538605,4.0,4.0,0.028583336621522903,0.040333330631256104,0.11433334648609161,0.0,0.0,0.0,0.0,0.0,0.42924419412136955,0.02724344308078918
KIT,56,28.030000000002005,0.07759718043059635,57,277,0.17355889724310777,2,1,30,106,30.0,29.0,0.3215977015166447,0.4973333477973938,9.326333343982697,13.0,13.0,0.045948720895327054,0.1666666865348816,0.5973333716392517,2.0,2.0,0.054666668176651,0.08799999952316284,0.109333336353302,8.85542079785181,0.11694568221807586,30.0,29.0,1.0,1.0,29.0,0.0,0.0,0.0,0.0,0.0,0.0,0.0,0.0,0.0,0.0,0.0,0.0,30.0,29.0,0.3215977015166447,0.4973333477973938,9.326333343982697,13.0,13.0,0.045948720895327054,0.1666666865348816,0.5973333716392517,2.0,2.0,0.054666668176651,0.08799999952316284,0.109333336353302,8.85542079785181,0.11694568221807586
KRTAP15-1,1,0.395666666667,0.0,2,1,1.0,0,0,2,1,2.0,1.0,0.6043333411216736,0.6043333411216736,0.6043333411216736,0.0,0.0,0.0,0.0,0.0,0.0,0.0,0.0,0.0,0.0,0.0,0.0,2.0,1.0,1.0,1.0,1.0,0.0,0.0,0.0,0.0,0.0,0.0,0.0,0.0,0.0,0.0,0.0,0.0,2.0,1.0,0.6043333411216736,0.6043333411216736,0.6043333411216736,0.0,0.0,0.0,0.0,0.0,0.0,0.0,0.0,0.0,0.0,0.0,0.0
LGI1,2,1.0886666666670002,0.5196372727884491,3,3,1.0,1,1,3,3,3.0,2.0,0.4556666612625122,0.46399998664855957,0.9113333225250244,0.0,0.0,0.0,0.0,0.0,0.0,0.0,0.0,0.0,0.0,0.0,0.0,3.0,2.0,1.0,1.0,2.0,0.0,0.0,0.0,0.0,0.0,0.0,0.0,0.0,0.0,0.0,0.0,0.0,3.0,2.0,0.4556666612625122,0.46399998664855957,0.9113333225250244,0.0,0.0,0.0,0.0,0.0,0.0,0.0,0.0,0.0,0.0,0.0,0.0
LIF,1,0.493666666667,0.0,2,1,1.0,1,1,2,1,2.0,1.0,0.5063333511352539,0.5063333511352539,0.5063333511352539,0.0,0.0,0.0,0.0,0.0,0.0,0.0,0.0,0.0,0.0,0.0,0.0,2.0,1.0,1.0,1.0,1.0,0.0,0.0,0.0,0.0,0.0,0.0,0.0,0.0,0.0,0.0,0.0,0.0,2.0,1.0,0.5063333511352539,0.5063333511352539,0.5063333511352539,0.0,0.0,0.0,0.0,0.0,0.0,0.0,0.0,0.0,0.0,0.0,0.0
LIMS2,14,4.211333333333001,0.03622224557599188,15,25,0.23809523809523808,1,1,15,25,14.0,13.0,0.599512823499166,1.0,7.793666705489159,1.0,1.0,0.11733335256576538,0.11733335256576538,0.11733335256576538,0.0,0.0,0.0,0.0,0.0,4.189433338800832,0.08214575174119282,15.0,14.0,1.0,1.0,14.0,0.0,0.0,0.0,0.0,0.0,0.0,0.0,0.0,0.0,0.0,0.0,0.0,15.0,14.0,0.5566905503920826,1.0,7.793667705489156,0.0,0.0,0.0,0.0,0.0,0.0,0.0,0.0,0.0,0.0,0.0,0.0
LSM1,44,25.999666666664,0.07918586226132772,45,149,0.1505050505050505,1,1,30,101,30.0,29.0,0.20774712808558654,0.5086666941642761,6.024666714482009,4.0,4.0,0.020749997347593307,0.03033333271741867,0.08299998939037323,0.0,0.0,0.0,0.0,0.0,0.18057590319183434,0.020065029503335257,30.0,29.0,1.0,1.0,29.0,0.0,0.0,0.0,0.0,0.0,0.0,0.0,0.0,0.0,0.0,0.0,0.0,30.0,29.0,0.20774712808558654,0.5086666941642761,6.024666714482009,2.0,2.0,0.014499995857477188,0.02266666293144226,0.028999991714954376,0.0,0.0,0.0,0.0,0.0,0.8725088789562794,0.015869060461081757
LUC7L2,187,87.24599999999495,0.06891851339943847,188,2615,0.14876550233246102,1,1,30,135,30.0,29.0,0.17132184005759912,0.3853333294391632,4.968333361670375,6.0,6.0,0.055777775744597115,0.2683333456516266,0.3346666544675827,0.0,0.0,0.0,0.0,0.0,8.722454264132333,0.18902855297703025,30.0,29.0,1.0,1.0,29.0,0.0,0.0,0.0,0.0,0.0,0.0,0.0,0.0,0.0,0.0,0.0,0.0,30.0,29.0,0.17132184005759912,0.3853333294391632,4.968333361670375,2.0,2.0,0.01683332771062851,0.028999999165534973,0.03366665542125702,0.0,0.0,0.0,0.0,0.0,0.11227359994540856,0.019112886397289773
LYRM7,21,10.496,0.038192015999609634,22,37,0.16017316017316016,0,0,22,37,22.0,21.0,0.4649365075996944,1.0,9.763666659593582,2.0,2.0,0.015833362936973572,0.027333378791809082,0.031666725873947144,0.0,0.0,0.0,0.0,0.0,0.47422504742754296,0.01927630099594583,22.0,21.0,1.0,1.0,21.0,0.0,0.0,0.0,0.0,0.0,0.0,0.0,0.0,0.0,0.0,0.0,0.0,22.0,21.0,0.4649365075996944,1.0,9.763666659593582,2.0,2.0,0.015833362936973572,0.027333378791809082,0.031666725873947144,0.0,0.0,0.0,0.0,0.0,0.47422504742754296,0.01927630099594583
MAT2B,42,20.535666666666998,0.08371502121415256,43,193,0.21373200442967885,2,1,30,100,30.0,29.0,0.3788505743803649,0.5323333144187927,10.986666657030582,14.0,14.0,0.02819048081125532,0.07966667413711548,0.39466673135757446,0.0,0.0,0.0,0.0,0.0,7.67101633754073,0.056036470130091304,30.0,29.0,1.0,1.0,29.0,0.0,0.0,0.0,0.0,0.0,0.0,0.0,0.0,0.0,0.0,0.0,0.0,30.0,29.0,0.3788505743803649,0.5323333144187927,10.986666657030582,14.0,14.0,0.02819048081125532,0.07966667413711548,0.39466673135757446,0.0,0.0,0.0,0.0,0.0,7.67101633754073,0.056036470130091304
MCC,53,24.794666666665005,0.02954437931726154,54,158,0.11041229909154437,1,1,30,70,30.0,29.0,0.37149425236315564,0.49933332204818726,10.773333318531513,10.0,10.0,0.04089999794960022,0.07366666197776794,0.4089999794960022,0.0,0.0,0.0,0.0,0.0,5.459321766117088,0.05116372483383371,30.0,29.0,1.0,1.0,29.0,0.0,0.0,0.0,0.0,0.0,0.0,0.0,0.0,0.0,0.0,0.0,0.0,30.0,29.0,0.37149425236315564,0.49933332204818726,10.773333318531513,10.0,10.0,0.04089999794960022,0.07366666197776794,0.4089999794960022,0.0,0.0,0.0,0.0,0.0,5.459321766117088,0.05116372483383371
MCU,34,12.0793333333303,0.034223170227713845,35,82,0.13781512605042018,1,1,30,73,30.0,29.0,0.48880459779295427,0.7559999823570251,14.175333335995674,6.0,6.0,0.05633333822091421,0.14499998092651367,0.33800002932548523,0.0,0.0,0.0,0.0,0.0,7.218382611087477,0.10227144944215795,30.0,29.0,1.0,1.0,29.0,0.0,0.0,0.0,0.0,0.0,0.0,0.0,0.0,0.0,0.0,0.0,0.0,30.0,29.0,0.48880459779295427,0.7559999823570251,14.175333335995674,6.0,6.0,0.05633333822091421,0.14499998092651367,0.33800002932548523,0.0,0.0,0.0,0.0,0.0,7.218382611087477,0.10227144944215795
MED13,56,32.01133333333269,0.2841379671627941,57,805,0.5043859649122807,15,1,30,334,9.0,8.0,0.1717083326075226,0.29899999499320984,1.3736666608601809,4.0,4.0,0.0729166641831398,0.132666677236557,0.2916666567325592,0.0,0.0,0.0,0.0,0.0,3.132077076419487,0.09228793640050743,30.0,29.0,1.0,1.0,29.0,0.0,0.0,0.0,0.0,0.0,0.0,0.0,0.0,0.0,0.0,0.0,0.0,30.0,29.0,0.04736854002965958,0.29899999499320984,1.3736876608601278,0.0,0.0,0.0,0.0,0.0,0.0,0.0,0.0,0.0,0.0,0.0,0.0
MED31,80,50.9900000000033,0.0536413381308993,81,338,0.10432098765432099,6,1,30,114,18.0,17.0,0.12292156905374106,0.20766666531562805,2.089666673913598,0.0,0.0,0.0,0.0,0.0,0.0,0.0,0.0,0.0,0.0,0.0,0.0,30.0,29.0,1.0,1.0,29.0,0.0,0.0,0.0,0.0,0.0,0.0,0.0,0.0,0.0,0.0,0.0,0.0,30.0,29.0,0.0720578853073644,0.20766666531562805,2.0896786739135678,0.0,0.0,0.0,0.0,0.0,0.0,0.0,0.0,0.0,0.0,0.0,0.0
MID1,77,35.20533333333201,0.048051645536605195,78,382,0.1272061272061272,1,1,30,102,30.0,29.0,0.24451724092219154,0.48633334040641785,7.0909999867435545,8.0,8.0,0.03516666358336806,0.08666667342185974,0.2813333086669445,0.0,0.0,0.0,0.0,0.0,1.306406641825488,0.06011575405738415,30.0,29.0,1.0,1.0,29.0,0.0,0.0,0.0,0.0,0.0,0.0,0.0,0.0,0.0,0.0,0.0,0.0,30.0,29.0,0.24451724092219154,0.48633334040641785,7.0909999867435545,5.0,5.0,0.04106666520237923,0.08666667342185974,0.20533332601189613,0.0,0.0,0.0,0.0,0.0,0.9982714919612063,0.06011575405738415
MINOS1,52,0.0,0.0,53,153,0.11103047895500726,3,1,30,71,30.0,29.0,0.6029080481364809,1.0,17.484333395957947,7.0,7.0,0.3432857096195221,0.5363333225250244,2.4029999673366547,0.0,0.0,0.0,0.0,0.0,63.317278049268985,0.3754900290433233,30.0,29.0,1.0,1.0,29.0,0.0,0.0,0.0,0.0,0.0,0.0,0.0,0.0,0.0,0.0,0.0,0.0,30.0,29.0,0.6029080481364809,1.0,17.484333395957947,7.0,7.0,0.2557619001184191,0.44999998807907104,1.7903333008289337,1.0,1.0,0.009666681289672852,0.009666681289672852,0.009666681289672852,38.03291717630962,0.31541162439639153
MIOS,44,24.456000000000998,0.06723703501662566,45,151,0.15252525252525254,3,1,30,99,30.0,29.0,0.29934483021497726,0.4126666784286499,8.68100007623434,1.0,1.0,0.009999990463256836,0.009999990463256836,0.009999990463256836,0.0,0.0,0.0,0.0,0.0,0.357053578699857,0.007001050562742324,30.0,29.0,1.0,1.0,29.0,0.0,0.0,0.0,0.0,0.0,0.0,0.0,0.0,0.0,0.0,0.0,0.0,30.0,29.0,0.29934483021497726,0.4126666784286499,8.68100007623434,1.0,1.0,0.009999990463256836,0.009999990463256836,0.009999990463256836,0.0,0.0,0.0,0.0,0.0,0.357053578699857,0.007001050562742324
MIR140,68,22.31766666666701,0.05744305982345391,69,391,0.16666666666666666,0,0,30,101,30.0,29.0,0.29890804288202316,0.6623333096504211,8.668333243578672,12.0,12.0,0.020916663110256195,0.04466664791107178,0.25099995732307434,1.0,1.0,0.032666683197021484,0.032666683197021484,0.032666683197021484,0.6367366371267243,0.03122004789596004,30.0,29.0,1.0,1.0,29.0,0.0,0.0,0.0,0.0,0.0,0.0,0.0,0.0,0.0,0.0,0.0,0.0,30.0,29.0,0.29890804288202316,0.6623333096504211,8.668333243578672,7.0,7.0,0.022952382053647722,0.04466664791107178,0.16066667437553406,0.0,0.0,0.0,0.0,0.0,0.5020317672814504,0.030319219725539227
MIR3910-2,1,0.0,0.0,2,1,1.0,0,0,2,1,2.0,1.0,1.0,1.0,1.0,0.0,0.0,0.0,0.0,0.0,0.0,0.0,0.0,0.0,0.0,0.0,0.0,2.0,1.0,1.0,1.0,1.0,0.0,0.0,0.0,0.0,0.0,0.0,0.0,0.0,0.0,0.0,0.0,0.0,2.0,1.0,1.0,1.0,1.0,0.0,0.0,0.0,0.0,0.0,0.0,0.0,0.0,0.0,0.0,0.0,0.0
MIR7-3,75,28.3436666666667,0.05987819025583492,76,448,0.15719298245614036,0,0,30,108,30.0,29.0,0.3164252855911337,0.5416666865348816,9.176333282142878,14.0,14.0,0.08397618894066129,0.2569999694824219,1.1756666451692581,2.0,2.0,0.12516669929027557,0.21300002932548523,0.25033339858055115,15.849723847111,0.18170071995407527,30.0,29.0,1.0,1.0,29.0,0.0,0.0,0.0,0.0,0.0,0.0,0.0,0.0,0.0,0.0,0.0,0.0,30.0,29.0,0.3164252855911337,0.5416666865348816,9.176333282142878,11.0,11.0,0.07693938910961151,0.16966664791107178,0.8463332802057266,1.0,1.0,0.0520000159740448,0.0520000159740448,0.0520000159740448,10.037475522326186,0.11791180566328498
MIS12,38,22.735333333334996,0.0930281087713985,39,147,0.19838056680161945,2,1,30,119,30.0,29.0,0.2726206886100358,0.4646666646003723,7.905999969691038,3.0,3.0,0.007666672269503276,0.017333343625068665,0.023000016808509827,0.0,0.0,0.0,0.0,0.0,0.06294891007355596,0.011514420114135681,30.0,29.0,1.0,1.0,29.0,0.0,0.0,0.0,0.0,0.0,0.0,0.0,0.0,0.0,0.0,0.0,0.0,30.0,29.0,0.2726206886100358,0.4646666646003723,7.905999969691038,1.0,1.0,0.00033333897590637207,0.00033333897590637207,0.00033333897590637207,0.0,0.0,0.0,0.0,0.0,0.011901998777382076,0.00023337252504673967
MLLT4,104,0.0,0.0,105,782,0.14322344322344321,0,0,30,49,30.0,29.0,0.7032413790965902,1.0,20.393999993801117,1.0,1.0,0.45633333921432495,0.45633333921432495,0.45633333921432495,0.0,0.0,0.0,0.0,0.0,16.293560723403427,0.3194815828118319,30.0,29.0,1.0,1.0,29.0,0.0,0.0,0.0,0.0,0.0,0.0,0.0,0.0,0.0,0.0,0.0,0.0,30.0,29.0,0.7032413790965902,1.0,20.393999993801117,1.0,1.0,0.3410000205039978,0.3410000205039978,0.3410000205039978,0.0,0.0,0.0,0.0,0.0,12.17553937726689,0.23873606622091936
MME,99,34.525333333331,0.012656136261032912,100,245,0.049494949494949494,0,0,30,53,30.0,29.0,0.43672413764328794,0.5606666803359985,12.66499999165535,8.0,8.0,0.04862498492002487,0.1316666603088379,0.388999879360199,0.0,0.0,0.0,0.0,0.0,9.32599580676531,0.09218058253521279,30.0,29.0,1.0,1.0,29.0,0.0,0.0,0.0,0.0,0.0,0.0,0.0,0.0,0.0,0.0,0.0,0.0,30.0,29.0,0.43672413764328794,0.5606666803359985,12.66499999165535,8.0,8.0,0.04862498492002487,0.1316666603088379,0.388999879360199,0.0,0.0,0.0,0.0,0.0,9.32599580676531,0.09218058253521279
MMGT1,115,26.8656666666703,0.02145857791340431,116,575,0.08620689655172414,0,0,30,93,30.0,29.0,0.42791954042582675,0.7053333520889282,12.409666672348976,9.0,9.0,0.07218517197502984,0.22999998927116394,0.6496665477752686,3.0,3.0,0.005333304405212402,0.006333291530609131,0.015999913215637207,10.692816625078247,0.1615470442570184,30.0,29.0,1.0,1.0,29.0,0.0,0.0,0.0,0.0,0.0,0.0,0.0,0.0,0.0,0.0,0.0,0.0,30.0,29.0,0.42791954042582675,0.7053333520889282,12.409666672348976,9.0,9.0,0.0707777672343784,0.22999998927116394,0.6369999051094055,3.0,3.0,0.005333304405212402,0.006333291530609131,0.015999913215637207,10.531055196077379,0.1615470442570184
MRPL53,65,37.30299999999699,0.0816047291018626,66,366,0.17062937062937064,2,1,30,120,28.0,27.0,0.2500000012417634,0.4103333353996277,6.750000033527613,5.0,5.0,0.017799990996718407,0.04933333210647106,0.08899995498359203,0.0,0.0,0.0,0.0,0.0,0.28218458092229265,0.03256891735704678,30.0,29.0,1.0,1.0,29.0,0.0,0.0,0.0,0.0,0.0,0.0,0.0,0.0,0.0,0.0,0.0,0.0,30.0,29.0,0.23275869081129683,0.4103333353996277,6.750002033527608,3.0,3.0,0.011666655540466309,0.02266666293144226,0.034999966621398926,0.0,0.0,0.0,0.0,0.0,0.24431344214347217,0.015612356108372291
MRRFP1,1,0.0,0.0,2,1,1.0,0,0,2,1,2.0,1.0,1.0,1.0,1.0,0.0,0.0,0.0,0.0,0.0,0.0,0.0,0.0,0.0,0.0,0.0,0.0,2.0,1.0,1.0,1.0,1.0,0.0,0.0,0.0,0.0,0.0,0.0,0.0,0.0,0.0,0.0,0.0,0.0,2.0,1.0,1.0,1.0,1.0,0.0,0.0,0.0,0.0,0.0,0.0,0.0,0.0,0.0,0.0,0.0,0.0
MS4A2,4,1.063666666666,0.2242736845608629,5,8,0.8,1,1,5,8,5.0,4.0,0.484333336353302,0.6026666760444641,1.937333345413208,0.0,0.0,0.0,0.0,0.0,0.0,0.0,0.0,0.0,0.0,0.0,0.0,5.0,4.0,1.0,1.0,4.0,0.0,0.0,0.0,0.0,0.0,0.0,0.0,0.0,0.0,0.0,0.0,0.0,5.0,4.0,0.484333336353302,0.6026666760444641,1.937333345413208,0.0,0.0,0.0,0.0,0.0,0.0,0.0,0.0,0.0,0.0,0.0,0.0
MSL3,18,9.731000000003,0.1066028449337294,19,47,0.27485380116959063,2,1,19,47,19.0,18.0,0.40133333537313676,0.6940000057220459,7.224000036716461,3.0,3.0,0.028444449106852215,0.070333331823349,0.08533334732055664,0.0,0.0,0.0,0.0,0.0,1.6240020367410055,0.049581468711814285,19.0,18.0,1.0,1.0,18.0,0.0,0.0,0.0,0.0,0.0,0.0,0.0,0.0,0.0,0.0,0.0,0.0,19.0,18.0,0.40133333537313676,0.6940000057220459,7.224000036716461,3.0,3.0,0.028444449106852215,0.070333331823349,0.08533334732055664,0.0,0.0,0.0,0.0,0.0,1.6240020367410055,0.049581468711814285
MYO1B,84,31.1526666666693,0.0640002516579235,85,637,0.1784313725490196,0,0,30,152,30.0,29.0,0.39394252721605627,0.5373333096504211,11.424333289265633,15.0,15.0,0.03100000023841858,0.06800001859664917,0.4650000035762787,0.0,0.0,0.0,0.0,0.0,3.439433370206186,0.04739251120925359,30.0,29.0,1.0,1.0,29.0,0.0,0.0,0.0,0.0,0.0,0.0,0.0,0.0,0.0,0.0,0.0,0.0,30.0,29.0,0.39394252721605627,0.5373333096504211,11.424333289265633,15.0,15.0,0.03100000023841858,0.06800001859664917,0.4650000035762787,0.0,0.0,0.0,0.0,0.0,3.439433370206186,0.04739251120925359
NDUFA5,65,30.389333333331,0.08047594117523722,66,421,0.19627039627039627,2,1,30,141,29.0,28.0,0.251964288896748,0.47966668009757996,7.055000089108944,9.0,9.0,0.05918518122699526,0.1653333157300949,0.5326666310429573,0.0,0.0,0.0,0.0,0.0,4.658003100500139,0.11472862852046475,30.0,29.0,1.0,1.0,29.0,0.0,0.0,0.0,0.0,0.0,0.0,0.0,0.0,0.0,0.0,0.0,0.0,30.0,29.0,0.24327589962444626,0.47966668009757996,7.055001089108941,3.0,3.0,0.07099999487400055,0.13099999725818634,0.21299998462200165,0.0,0.0,0.0,0.0,0.0,4.721344442070982,0.09245128506646981
NDUFV3,36,21.522,0.15999753155892527,37,182,0.2732732732732733,3,1,30,154,30.0,29.0,0.25771264391469545,0.5989999771118164,7.473666673526168,14.0,14.0,0.03280952599431787,0.07366667687892914,0.4593333639204502,1.0,1.0,0.0003333240747451782,0.0003333240747451782,0.0003333240747451782,1.4298167113250597,0.049712181007361744,30.0,29.0,1.0,1.0,29.0,0.0,0.0,0.0,0.0,0.0,0.0,0.0,0.0,0.0,0.0,0.0,0.0,30.0,29.0,0.25771264391469545,0.5989999771118164,7.473666673526168,2.0,2.0,0.01533333957195282,0.01666666567325592,0.03066667914390564,0.0,0.0,0.0,0.0,0.0,0.11656768387776478,0.011388384449590795
NR6A1,4,2.204666666666,0.0,5,4,0.4,0,0,5,4,5.0,4.0,0.4488333389163017,0.47066667675971985,1.795333355665207,0.0,0.0,0.0,0.0,0.0,0.0,0.0,0.0,0.0,0.0,0.0,0.0,5.0,4.0,1.0,1.0,4.0,0.0,0.0,0.0,0.0,0.0,0.0,0.0,0.0,0.0,0.0,0.0,0.0,5.0,4.0,0.4488333389163017,0.47066667675971985,1.795333355665207,0.0,0.0,0.0,0.0,0.0,0.0,0.0,0.0,0.0,0.0,0.0,0.0
NRL,7,4.1850000000000005,0.06315602304131487,8,9,0.32142857142857145,0,0,8,9,8.0,7.0,0.3579047662871225,0.5403333306312561,2.505333364009857,0.0,0.0,0.0,0.0,0.0,0.0,0.0,0.0,0.0,0.0,0.0,0.0,8.0,7.0,1.0,1.0,7.0,0.0,0.0,0.0,0.0,0.0,0.0,0.0,0.0,0.0,0.0,0.0,0.0,8.0,7.0,0.3579047662871225,0.5403333306312561,2.505333364009857,0.0,0.0,0.0,0.0,0.0,0.0,0.0,0.0,0.0,0.0,0.0,0.0
NT5DC3,9,0.8499999999999001,0.017210919493752044,10,14,0.3111111111111111,0,0,10,14,10.0,9.0,0.7336666617128584,1.0,6.602999955415726,1.0,1.0,0.10833334922790527,0.10833334922790527,0.10833334922790527,0.0,0.0,0.0,0.0,0.0,3.86808469232952,0.07584479788881417,10.0,9.0,1.0,1.0,9.0,0.0,0.0,0.0,0.0,0.0,0.0,0.0,0.0,0.0,0.0,0.0,0.0,10.0,9.0,0.7336666617128584,1.0,6.602999955415726,0.0,0.0,0.0,0.0,0.0,0.0,0.0,0.0,0.0,0.0,0.0,0.0
NUP210,48,11.643999999998998,0.04486339907805069,49,219,0.18622448979591838,0,0,30,111,30.0,29.0,0.38487356413027335,0.6693333387374878,11.161333359777927,16.0,16.0,0.11968749202787876,0.3150000274181366,1.9149998724460602,1.0,1.0,0.008000016212463379,0.008000016212463379,0.008000016212463379,40.22693049380191,0.2222742925427513,30.0,29.0,1.0,1.0,29.0,0.0,0.0,0.0,0.0,0.0,0.0,0.0,0.0,0.0,0.0,0.0,0.0,30.0,29.0,0.38487356413027335,0.6693333387374878,11.161333359777927,14.0,14.0,0.10888094348566872,0.2643333375453949,1.5243332087993622,0.0,0.0,0.0,0.0,0.0,29.96411657905175,0.18659220015043915
OGT,136,62.387999999997035,0.040925951776291485,137,926,0.09939888364104767,10,1,30,73,30.0,29.0,0.30820689504516535,0.4423333406448364,8.937999956309795,3.0,3.0,0.041999995708465576,0.06333333253860474,0.12599998712539673,0.0,0.0,0.0,0.0,0.0,3.575603799895864,0.0445127351451392,30.0,29.0,1.0,1.0,29.0,0.0,0.0,0.0,0.0,0.0,0.0,0.0,0.0,0.0,0.0,0.0,0.0,30.0,29.0,0.30820689504516535,0.4423333406448364,8.937999956309795,3.0,3.0,0.041999995708465576,0.06333333253860474,0.12599998712539673,0.0,0.0,0.0,0.0,0.0,3.575603799895864,0.0445127351451392
OPHN1,8,3.044333333333,0.037180154163024844,9,12,0.3333333333333333,0,0,9,12,9.0,8.0,0.6088333465158939,1.0,4.8706667721271515,0.0,0.0,0.0,0.0,0.0,0.0,0.0,0.0,0.0,0.0,0.0,0.0,9.0,8.0,1.0,1.0,8.0,0.0,0.0,0.0,0.0,0.0,0.0,0.0,0.0,0.0,0.0,0.0,0.0,9.0,8.0,0.6088333465158939,1.0,4.8706667721271515,0.0,0.0,0.0,0.0,0.0,0.0,0.0,0.0,0.0,0.0,0.0,0.0
OTC,13,4.6303333333347005,0.0022853968476903917,14,14,0.15384615384615385,1,1,14,14,14.0,13.0,0.6222307704962217,1.0,8.089000016450882,0.0,0.0,0.0,0.0,0.0,0.0,0.0,0.0,0.0,0.0,0.0,0.0,14.0,13.0,1.0,1.0,13.0,0.0,0.0,0.0,0.0,0.0,0.0,0.0,0.0,0.0,0.0,0.0,0.0,14.0,13.0,0.6222307704962217,1.0,8.089000016450882,0.0,0.0,0.0,0.0,0.0,0.0,0.0,0.0,0.0,0.0,0.0,0.0
PAG1,41,16.1810000000033,0.04457097789729565,42,116,0.13472706155632985,1,1,30,91,30.0,29.0,0.3873908021326723,0.6826666593551636,11.234333261847496,9.0,9.0,0.051703701416651406,0.1470000147819519,0.46533331274986267,4.0,4.0,0.09683334082365036,0.1536666750907898,0.38733336329460144,6.333628860186622,0.10255150607001116,30.0,29.0,1.0,1.0,29.0,0.0,0.0,0.0,0.0,0.0,0.0,0.0,0.0,0.0,0.0,0.0,0.0,30.0,29.0,0.3873908021326723,0.6826666593551636,11.234333261847496,9.0,9.0,0.05148148205545214,0.1470000147819519,0.4633333384990692,4.0,4.0,0.08075001090765,0.12666666507720947,0.3230000436306,6.391130159893939,0.10378367628025116
PAPPA,11,2.832666666667,0.0667888673000247,12,22,0.3333333333333333,1,1,12,22,12.0,11.0,0.4669090888716958,1.0,5.135999977588654,3.0,3.0,0.11688890059789021,0.2773333787918091,0.35066670179367065,0.0,0.0,0.0,0.0,0.0,10.43537651692078,0.1941626859337284,12.0,11.0,1.0,1.0,11.0,0.0,0.0,0.0,0.0,0.0,0.0,0.0,0.0,0.0,0.0,0.0,0.0,12.0,11.0,0.4669090888716958,1.0,5.135999977588654,2.0,2.0,0.11000001430511475,0.156333327293396,0.2200000286102295,0.0,0.0,0.0,0.0,0.0,5.003780971637478,0.1100519195879345
PARD3B,13,5.924333333333999,0.12022926422909427,14,35,0.38461538461538464,1,1,14,35,14.0,13.0,0.49846153534375703,1.0,6.4799999594688416,4.0,4.0,0.029250025749206543,0.039666712284088135,0.11700010299682617,0.0,0.0,0.0,0.0,0.0,1.6622963845445897,0.02791088745918393,14.0,13.0,1.0,1.0,13.0,0.0,0.0,0.0,0.0,0.0,0.0,0.0,0.0,0.0,0.0,0.0,0.0,14.0,13.0,0.49846153534375703,1.0,6.4799999594688416,4.0,4.0,0.029250025749206543,0.039666712284088135,0.11700010299682617,0.0,0.0,0.0,0.0,0.0,1.6622963845445897,0.02791088745918393
PDCD7,34,10.096333333332298,0.048333117816555166,35,109,0.18319327731092436,2,1,30,88,30.0,29.0,0.40705746801666404,0.8053333163261414,11.804666572483256,13.0,13.0,0.11123076883646157,0.24233335256576538,1.4459999948740005,0.0,0.0,0.0,0.0,0.0,13.489607042565702,0.16684920000690823,30.0,29.0,1.0,1.0,29.0,0.0,0.0,0.0,0.0,0.0,0.0,0.0,0.0,0.0,0.0,0.0,0.0,30.0,29.0,0.40705746801666404,0.8053333163261414,11.804666572483256,9.0,9.0,0.09081481562720405,0.20299994945526123,0.8173333406448364,0.0,0.0,0.0,0.0,0.0,15.603519203682712,0.14298025248940655
PIDD1,39,23.224333333331,0.03278788975117145,40,80,0.10256410256410256,1,1,30,50,30.0,29.0,0.33545976979979153,0.42366665601730347,9.728333324193954,1.0,1.0,0.0363333523273468,0.0363333523273468,0.0363333523273468,0.0,0.0,0.0,0.0,0.0,1.2972965846626283,0.025437187934561373,30.0,29.0,1.0,1.0,29.0,0.0,0.0,0.0,0.0,0.0,0.0,0.0,0.0,0.0,0.0,0.0,0.0,30.0,29.0,0.33545976979979153,0.42366665601730347,9.728333324193954,1.0,1.0,0.0363333523273468,0.0363333523273468,0.0363333523273468,0.0,0.0,0.0,0.0,0.0,1.2972965846626283,0.025437187934561373
PIGO,16,3.3176666666653,0.004166819301236348,17,18,0.1323529411764706,0,0,17,18,17.0,16.0,0.7730416618287563,1.0,12.368666589260101,0.0,0.0,0.0,0.0,0.0,0.0,0.0,0.0,0.0,0.0,0.0,0.0,17.0,16.0,1.0,1.0,16.0,0.0,0.0,0.0,0.0,0.0,0.0,0.0,0.0,0.0,0.0,0.0,0.0,17.0,16.0,0.7730416618287563,1.0,12.368666589260101,0.0,0.0,0.0,0.0,0.0,0.0,0.0,0.0,0.0,0.0,0.0,0.0
PNPLA1,11,2.8293333333299997,0.05853422900201462,12,22,0.3333333333333333,0,0,12,22,12.0,11.0,0.5979393978010524,1.0,6.577333375811577,1.0,1.0,0.0009999871253967285,0.0009999871253967285,0.0009999871253967285,0.0,0.0,0.0,0.0,0.0,0.03570493222854502,0.0007000967103635878,12.0,11.0,1.0,1.0,11.0,0.0,0.0,0.0,0.0,0.0,0.0,0.0,0.0,0.0,0.0,0.0,0.0,12.0,11.0,0.5979393978010524,1.0,6.577333375811577,1.0,1.0,0.0009999871253967285,0.0009999871253967285,0.0009999871253967285,0.0,0.0,0.0,0.0,0.0,0.03570493222854502,0.0007000967103635878
POLR2D,64,29.25266666666599,0.11173989408542302,65,497,0.2389423076923077,5,1,30,198,23.0,22.0,0.21198484936559742,0.5056666731834412,4.663666686043143,7.0,7.0,0.05238095351627895,0.15333333611488342,0.36666667461395264,0.0,0.0,0.0,0.0,0.0,4.916945458481201,0.10688281250281682,30.0,29.0,1.0,1.0,29.0,0.0,0.0,0.0,0.0,0.0,0.0,0.0,0.0,0.0,0.0,0.0,0.0,30.0,29.0,0.1608163340014871,0.5056666731834412,4.663673686043126,1.0,1.0,0.07166668772697449,0.07166668772697449,0.07166668772697449,0.0,0.0,0.0,0.0,0.0,2.558887172993111,0.0501742582939826
PPIA,139,64.82233333333897,0.05773855497133478,140,1337,0.13741007194244603,1,1,30,80,30.0,29.0,0.3348275846962271,0.4560000002384186,9.709999956190586,13.0,13.0,0.05141026010880104,0.1379999816417694,0.6683333814144135,0.0,0.0,0.0,0.0,0.0,15.370867128935835,0.09707665465158677,30.0,29.0,1.0,1.0,29.0,0.0,0.0,0.0,0.0,0.0,0.0,0.0,0.0,0.0,0.0,0.0,0.0,30.0,29.0,0.3348275846962271,0.4560000002384186,9.709999956190586,13.0,13.0,0.030230774329258844,0.08733335137367249,0.393000066280365,0.0,0.0,0.0,0.0,0.0,5.0536677855035474,0.061217257561613274
PPP2R2C,51,17.992333333333,0.07688504164944433,52,306,0.23076923076923078,0,0,30,157,29.0,28.0,0.310559523557978,0.640333354473114,8.695666659623384,7.0,7.0,0.02361903871808733,0.05166667699813843,0.16533327102661133,0.0,0.0,0.0,0.0,0.0,0.6283866518483068,0.036027455770580814,30.0,29.0,1.0,1.0,29.0,0.0,0.0,0.0,0.0,0.0,0.0,0.0,0.0,0.0,0.0,0.0,0.0,30.0,29.0,0.2998506089525304,0.640333354473114,8.695667659623382,4.0,4.0,0.023666664958000183,0.05166667699813843,0.09466665983200073,0.0,0.0,0.0,0.0,0.0,0.3985748569782384,0.036027455770580814
PSAP,43,17.233999999999,0.027135599133107265,44,99,0.10465116279069768,1,1,30,59,30.0,29.0,0.43134482924280493,0.6259999871253967,12.509000048041344,11.0,11.0,0.06909091093323448,0.16433334350585938,0.7600000202655792,0.0,0.0,0.0,0.0,0.0,11.504824256956955,0.11459331679358764,30.0,29.0,1.0,1.0,29.0,0.0,0.0,0.0,0.0,0.0,0.0,0.0,0.0,0.0,0.0,0.0,0.0,30.0,29.0,0.43134482924280493,0.6259999871253967,12.509000048041344,11.0,11.0,0.06909091093323448,0.16433334350585938,0.7600000202655792,0.0,0.0,0.0,0.0,0.0,11.504824256956955,0.11459331679358764
PSMA2,148,99.80066666666497,0.1609493181945896,149,2826,0.25630328314892076,6,1,30,420,29.0,28.0,0.017761904920917004,0.03766666725277901,0.4973333377856761,9.0,9.0,0.004814814362261031,0.01733333244919777,0.043333329260349274,1.0,1.0,0.003333335742354393,0.003333335742354393,0.003333335742354393,0.4898312540603402,0.01206048568961243,30.0,29.0,1.0,1.0,29.0,0.0,0.0,0.0,0.0,0.0,0.0,0.0,0.0,0.0,0.0,0.0,0.0,30.0,29.0,0.017149459923643917,0.03766666725277901,0.4973343377856736,5.0,5.0,0.005933333933353424,0.012000001966953278,0.02966666966676712,1.0,1.0,0.003333335742354393,0.003333335742354393,0.003333335742354393,0.3284616794370413,0.00833592815687639
PTTG1,101,47.81533333333201,0.02510311589735489,102,355,0.0689186565715395,1,1,30,61,30.0,29.0,0.3071954008834115,0.47066667675971985,8.908666625618935,6.0,6.0,0.03722221155961355,0.08899998664855957,0.22333326935768127,0.0,0.0,0.0,0.0,0.0,4.3961354774865535,0.062407414457911925,30.0,29.0,1.0,1.0,29.0,0.0,0.0,0.0,0.0,0.0,0.0,0.0,0.0,0.0,0.0,0.0,0.0,30.0,29.0,0.3071954008834115,0.47066667675971985,8.908666625618935,5.0,5.0,0.02073332667350769,0.0339999794960022,0.10366663336753845,0.0,0.0,0.0,0.0,0.0,0.9768665174876325,0.02356553318966273
QPCT,23,7.2199999999993,0.09597336044374563,24,77,0.27898550724637683,0,0,24,77,24.0,23.0,0.4022028990413832,0.8816666603088379,9.250666677951813,7.0,7.0,0.034095236233302524,0.12933331727981567,0.23866665363311768,0.0,0.0,0.0,0.0,0.0,2.085498129170557,0.0908550345215626,24.0,23.0,1.0,1.0,23.0,0.0,0.0,0.0,0.0,0.0,0.0,0.0,0.0,0.0,0.0,0.0,0.0,24.0,23.0,0.4022028990413832,0.8816666603088379,9.250666677951813,4.0,4.0,0.008749991655349731,0.01433330774307251,0.034999966621398926,0.0,0.0,0.0,0.0,0.0,0.0553735653011175,0.00970346434241226
QRSL1,11,5.699333333335,0.14187097427141823,12,24,0.36363636363636365,1,1,12,24,10.0,9.0,0.5622592502170138,1.0,5.060333251953125,0.0,0.0,0.0,0.0,0.0,0.0,0.0,0.0,0.0,0.0,0.0,0.0,12.0,11.0,1.0,1.0,11.0,0.0,0.0,0.0,0.0,0.0,0.0,0.0,0.0,0.0,0.0,0.0,0.0,12.0,11.0,0.46003047745028364,1.0,5.06033525195312,0.0,0.0,0.0,0.0,0.0,0.0,0.0,0.0,0.0,0.0,0.0,0.0
RAB17,15,6.338333333333001,0.013065640692567168,16,18,0.15,0,0,16,18,16.0,15.0,0.5753333330154419,0.8429999947547913,8.629999995231628,0.0,0.0,0.0,0.0,0.0,0.0,0.0,0.0,0.0,0.0,0.0,0.0,16.0,15.0,1.0,1.0,15.0,0.0,0.0,0.0,0.0,0.0,0.0,0.0,0.0,0.0,0.0,0.0,0.0,16.0,15.0,0.5753333330154419,0.8429999947547913,8.629999995231628,0.0,0.0,0.0,0.0,0.0,0.0,0.0,0.0,0.0,0.0,0.0,0.0
RAMP3,7,2.817,0.02138039561514349,8,10,0.35714285714285715,1,1,8,10,8.0,7.0,0.5376190500599998,1.0,3.763333350419998,0.0,0.0,0.0,0.0,0.0,0.0,0.0,0.0,0.0,0.0,0.0,0.0,8.0,7.0,1.0,1.0,7.0,0.0,0.0,0.0,0.0,0.0,0.0,0.0,0.0,0.0,0.0,0.0,0.0,8.0,7.0,0.5376190500599998,1.0,3.763333350419998,0.0,0.0,0.0,0.0,0.0,0.0,0.0,0.0,0.0,0.0,0.0,0.0
REEP1,11,4.878333333332,0.0630454979274241,12,18,0.2727272727272727,4,1,12,18,12.0,11.0,0.4994545416398482,0.875333309173584,5.49399995803833,0.0,0.0,0.0,0.0,0.0,0.0,0.0,0.0,0.0,0.0,0.0,0.0,12.0,11.0,1.0,1.0,11.0,0.0,0.0,0.0,0.0,0.0,0.0,0.0,0.0,0.0,0.0,0.0,0.0,12.0,11.0,0.4994545416398482,0.875333309173584,5.49399995803833,0.0,0.0,0.0,0.0,0.0,0.0,0.0,0.0,0.0,0.0,0.0,0.0
RNF146,55,26.372000000001,0.04347076026728656,56,184,0.11948051948051948,0,0,30,68,30.0,29.0,0.26581609056427563,0.515999972820282,7.708666626363993,7.0,7.0,0.0526190527847835,0.17266669869422913,0.3683333694934845,0.0,0.0,0.0,0.0,0.0,7.857362113831133,0.12088494409087502,30.0,29.0,1.0,1.0,29.0,0.0,0.0,0.0,0.0,0.0,0.0,0.0,0.0,0.0,0.0,0.0,0.0,30.0,29.0,0.26581609056427563,0.515999972820282,7.708666626363993,4.0,4.0,0.05833332985639572,0.1276666820049286,0.23333331942558289,0.0,0.0,0.0,0.0,0.0,4.545329627217614,0.09026232046988511
ROBO4,5,1.7466666666669999,0.1278548353591019,6,8,0.5333333333333333,1,1,6,8,6.0,5.0,0.4560000002384186,0.6433333158493042,2.280000001192093,1.0,1.0,0.08866667747497559,0.08866667747497559,0.08866667747497559,0.0,0.0,0.0,0.0,0.0,3.1658784696035873,0.06207604842359978,6.0,5.0,1.0,1.0,5.0,0.0,0.0,0.0,0.0,0.0,0.0,0.0,0.0,0.0,0.0,0.0,0.0,6.0,5.0,0.4560000002384186,0.6433333158493042,2.280000001192093,1.0,1.0,0.08866667747497559,0.08866667747497559,0.08866667747497559,0.0,0.0,0.0,0.0,0.0,3.1658784696035873,0.06207604842359978
RPL12P2,2,0.0,0.0,3,2,0.6666666666666666,0,0,3,2,3.0,2.0,1.0,1.0,2.0,0.0,0.0,0.0,0.0,0.0,0.0,0.0,0.0,0.0,0.0,0.0,0.0,3.0,2.0,1.0,1.0,2.0,0.0,0.0,0.0,0.0,0.0,0.0,0.0,0.0,0.0,0.0,0.0,0.0,3.0,2.0,1.0,1.0,2.0,0.0,0.0,0.0,0.0,0.0,0.0,0.0,0.0,0.0,0.0,0.0,0.0
RPL13AP17,1,0.0,0.0,2,1,1.0,0,0,2,1,2.0,1.0,1.0,1.0,1.0,0.0,0.0,0.0,0.0,0.0,0.0,0.0,0.0,0.0,0.0,0.0,0.0,2.0,1.0,1.0,1.0,1.0,0.0,0.0,0.0,0.0,0.0,0.0,0.0,0.0,0.0,0.0,0.0,0.0,2.0,1.0,1.0,1.0,1.0,0.0,0.0,0.0,0.0,0.0,0.0,0.0,0.0,0.0,0.0,0.0,0.0
RPLP1,159,87.09966666666503,0.21085848196626725,160,4586,0.36053459119496856,4,1,30,404,30.0,29.0,0.04939080450426916,0.0949999988079071,1.4323333306238055,8.0,8.0,0.006958334939554334,0.014000000432133675,0.05566667951643467,2.0,2.0,0.0010000020265579224,0.0010000020265579224,0.0020000040531158447,0.18013257765362692,0.009866823675491614,30.0,29.0,1.0,1.0,29.0,0.0,0.0,0.0,0.0,0.0,0.0,0.0,0.0,0.0,0.0,0.0,0.0,30.0,29.0,0.04939080450426916,0.0949999988079071,1.4323333306238055,8.0,8.0,0.006500000832602382,0.013666665181517601,0.052000006660819054,2.0,2.0,0.0006666667759418488,0.0010000020265579224,0.0013333335518836975,0.1657617081911694,0.009540107252296467
SAR1A,77,38.8136666666653,0.12386597240156659,78,852,0.2837162837162837,0,0,30,176,25.0,24.0,0.2823194437660277,0.4113333225250244,6.7756666503846645,9.0,9.0,0.040592590967814125,0.08566665649414062,0.36533331871032715,2.0,2.0,0.005833342671394348,0.006999999284744263,0.011666685342788696,2.906423422856218,0.05960233345904259,30.0,29.0,1.0,1.0,29.0,0.0,0.0,0.0,0.0,0.0,0.0,0.0,0.0,0.0,0.0,0.0,0.0,30.0,29.0,0.23364385001326385,0.4113333225250244,6.775671650384652,5.0,5.0,0.03266666531562805,0.07833334803581238,0.16333332657814026,0.0,0.0,0.0,0.0,0.0,3.945594924189128,0.05506099175369486
SCAMP1,39,20.104000000000003,0.043452675967867185,40,98,0.12564102564102564,2,1,30,75,30.0,29.0,0.3583103444041877,0.47066667675971985,10.390999987721443,4.0,4.0,0.03783334046602249,0.052666693925857544,0.15133336186408997,0.0,0.0,0.0,0.0,0.0,1.6424254299073435,0.03715228004414114,30.0,29.0,1.0,1.0,29.0,0.0,0.0,0.0,0.0,0.0,0.0,0.0,0.0,0.0,0.0,0.0,0.0,30.0,29.0,0.3583103444041877,0.47066667675971985,10.390999987721443,3.0,3.0,0.038777788480122886,0.052666693925857544,0.11633336544036865,0.0,0.0,0.0,0.0,0.0,1.3187198089824168,0.036965590370014435
SCAMP2,26,12.262333333334002,0.047360423405824796,27,64,0.18233618233618235,2,1,27,64,27.0,26.0,0.5014487206935883,1.0,13.037666738033295,6.0,6.0,0.034944429993629456,0.06433331966400146,0.20966657996177673,0.0,0.0,0.0,0.0,0.0,0.8561728291185714,0.044246679616902054,27.0,26.0,1.0,1.0,26.0,0.0,0.0,0.0,0.0,0.0,0.0,0.0,0.0,0.0,0.0,0.0,0.0,27.0,26.0,0.5014487206935883,1.0,13.037666738033295,3.0,3.0,0.0361111064751943,0.05066666007041931,0.10833331942558289,0.0,0.0,0.0,0.0,0.0,1.0730656926969302,0.03514529719351594
SCAMP5,4,1.842,0.0,5,4,0.4,0,0,5,4,5.0,4.0,0.5394999906420708,0.6069999933242798,2.157999962568283,0.0,0.0,0.0,0.0,0.0,0.0,0.0,0.0,0.0,0.0,0.0,0.0,5.0,4.0,1.0,1.0,4.0,0.0,0.0,0.0,0.0,0.0,0.0,0.0,0.0,0.0,0.0,0.0,0.0,5.0,4.0,0.5394999906420708,0.6069999933242798,2.157999962568283,0.0,0.0,0.0,0.0,0.0,0.0,0.0,0.0,0.0,0.0,0.0,0.0
SEC31A,118,58.99666666666728,0.092165832582096,119,1437,0.20467169918814984,0,0,30,152,24.0,23.0,0.21657971065977347,0.382666677236557,4.981333345174789,11.0,11.0,0.03999999842860482,0.09066665172576904,0.439999982714653,2.0,2.0,0.005833342671394348,0.006999999284744263,0.011666685342788696,4.730049129592974,0.06386830935558759,30.0,29.0,1.0,1.0,29.0,0.0,0.0,0.0,0.0,0.0,0.0,0.0,0.0,0.0,0.0,0.0,0.0,30.0,29.0,0.17177032224740602,0.382666677236557,4.981339345174774,3.0,3.0,0.03955555955568949,0.061666667461395264,0.11866667866706848,1.0,1.0,0.027333319187164307,0.027333319187164307,0.027333319187164307,2.6324728184291124,0.04309850849303991
SETD1A,50,25.526333333331998,0.10920449048235568,51,313,0.24549019607843137,4,1,30,133,30.0,29.0,0.28318390995264053,0.47966668009757996,8.212333388626575,19.0,19.0,0.039403513858192844,0.08533334732055664,0.7486667633056641,0.0,0.0,0.0,0.0,0.0,7.15459134408449,0.060330452398824085,30.0,29.0,1.0,1.0,29.0,0.0,0.0,0.0,0.0,0.0,0.0,0.0,0.0,0.0,0.0,0.0,0.0,30.0,29.0,0.28318390995264053,0.47966668009757996,8.212333388626575,17.0,17.0,0.04094118230483111,0.08533334732055664,0.6960000991821289,1.0,1.0,0.006000012159347534,0.006000012159347534,0.006000012159347534,8.100415373967333,0.05998972225282286
SGCE,5,0.6639999999997,0.006936990078768466,6,6,0.4,1,1,6,6,6.0,5.0,0.8103999972343445,0.9580000042915344,4.051999986171722,0.0,0.0,0.0,0.0,0.0,0.0,0.0,0.0,0.0,0.0,0.0,0.0,6.0,5.0,1.0,1.0,5.0,0.0,0.0,0.0,0.0,0.0,0.0,0.0,0.0,0.0,0.0,0.0,0.0,6.0,5.0,0.8103999972343445,0.9580000042915344,4.051999986171722,0.0,0.0,0.0,0.0,0.0,0.0,0.0,0.0,0.0,0.0,0.0,0.0
SGCG,2,1.209,0.0,3,2,0.6666666666666666,1,1,3,2,3.0,2.0,0.3955000042915344,0.4283333420753479,0.7910000085830688,0.0,0.0,0.0,0.0,0.0,0.0,0.0,0.0,0.0,0.0,0.0,0.0,3.0,2.0,1.0,1.0,2.0,0.0,0.0,0.0,0.0,0.0,0.0,0.0,0.0,0.0,0.0,0.0,0.0,3.0,2.0,0.3955000042915344,0.4283333420753479,0.7910000085830688,0.0,0.0,0.0,0.0,0.0,0.0,0.0,0.0,0.0,0.0,0.0,0.0
SH2D5,3,0.37933333333330005,0.08100094779631042,4,4,0.6666666666666666,0,0,4,4,4.0,3.0,0.7028888960679373,0.9166666865348816,2.1086666882038116,0.0,0.0,0.0,0.0,0.0,0.0,0.0,0.0,0.0,0.0,0.0,0.0,4.0,3.0,1.0,1.0,3.0,0.0,0.0,0.0,0.0,0.0,0.0,0.0,0.0,0.0,0.0,0.0,0.0,4.0,3.0,0.7028888960679373,0.9166666865348816,2.1086666882038116,0.0,0.0,0.0,0.0,0.0,0.0,0.0,0.0,0.0,0.0,0.0,0.0
SHMT1,48,22.332666666664004,0.04033386808269361,49,142,0.12074829931972789,1,1,30,81,30.0,29.0,0.3548620666923194,0.512333333492279,10.290999934077263,7.0,7.0,0.03557141763823373,0.05566665530204773,0.2489999234676361,0.0,0.0,0.0,0.0,0.0,1.8664527325645484,0.03927592620603562,30.0,29.0,1.0,1.0,29.0,0.0,0.0,0.0,0.0,0.0,0.0,0.0,0.0,0.0,0.0,0.0,0.0,30.0,29.0,0.3548620666923194,0.512333333492279,10.290999934077263,7.0,7.0,0.03557141763823373,0.05566665530204773,0.2489999234676361,0.0,0.0,0.0,0.0,0.0,1.8664527325645484,0.03927592620603562
SIX3,5,1.557666666666,0.0,6,6,0.4,0,0,6,6,6.0,5.0,0.6884666562080384,1.0,3.4423332810401917,0.0,0.0,0.0,0.0,0.0,0.0,0.0,0.0,0.0,0.0,0.0,0.0,6.0,5.0,1.0,1.0,5.0,0.0,0.0,0.0,0.0,0.0,0.0,0.0,0.0,0.0,0.0,0.0,0.0,6.0,5.0,0.6884666562080384,1.0,3.4423332810401917,0.0,0.0,0.0,0.0,0.0,0.0,0.0,0.0,0.0,0.0,0.0,0.0
SLC46A3,1,0.631333333333,0.0,2,1,1.0,0,0,2,1,2.0,1.0,0.3686666786670685,0.3686666786670685,0.3686666786670685,0.0,0.0,0.0,0.0,0.0,0.0,0.0,0.0,0.0,0.0,0.0,0.0,2.0,1.0,1.0,1.0,1.0,0.0,0.0,0.0,0.0,0.0,0.0,0.0,0.0,0.0,0.0,0.0,0.0,2.0,1.0,0.3686666786670685,0.3686666786670685,0.3686666786670685,0.0,0.0,0.0,0.0,0.0,0.0,0.0,0.0,0.0,0.0,0.0,0.0
SLIRP,59,27.02400000000299,0.053870788160065096,60,247,0.13954802259887006,0,0,30,95,30.0,29.0,0.29011494248848535,0.4909999966621399,8.413333332166076,14.0,14.0,0.06445237994194031,0.15033334493637085,0.9023333191871643,0.0,0.0,0.0,0.0,0.0,16.077903692220882,0.10524923529006351,30.0,29.0,1.0,1.0,29.0,0.0,0.0,0.0,0.0,0.0,0.0,0.0,0.0,0.0,0.0,0.0,0.0,30.0,29.0,0.29011494248848535,0.4909999966621399,8.413333332166076,9.0,9.0,0.05688889159096612,0.15033334493637085,0.5120000243186951,0.0,0.0,0.0,0.0,0.0,10.342326336821245,0.10524923529006351
SMAD3,327,176.76499999999595,0.031007774159847054,328,3154,0.05881256060267025,30,1,30,102,30.0,29.0,0.20555172488093376,0.2983333468437195,5.961000021547079,10.0,10.0,0.0218999981880188,0.0729999989271164,0.218999981880188,0.0,0.0,0.0,0.0,0.0,2.483223217633459,0.05158378703300724,30.0,29.0,1.0,1.0,29.0,0.0,0.0,0.0,0.0,0.0,0.0,0.0,0.0,0.0,0.0,0.0,0.0,30.0,29.0,0.20555172488093376,0.2983333468437195,5.961000021547079,10.0,10.0,0.01353333294391632,0.03466665744781494,0.1353333294391632,0.0,0.0,0.0,0.0,0.0,0.8248921112514758,0.024382348502953306
SMARCA2,119,69.57333333333398,0.09806052724288407,120,1304,0.1826330532212885,17,1,30,164,29.0,28.0,0.18494047626986035,0.3346666693687439,5.17833333555609,6.0,6.0,0.041888890167077385,0.09466667473316193,0.2513333410024643,0.0,0.0,0.0,0.0,0.0,6.084581019985776,0.06627668084772277,30.0,29.0,1.0,1.0,29.0,0.0,0.0,0.0,0.0,0.0,0.0,0.0,0.0,0.0,0.0,0.0,0.0,30.0,29.0,0.17856325295020992,0.3346666693687439,5.178334335556087,3.0,3.0,0.019333332777023315,0.037666648626327515,0.057999998331069946,0.0,0.0,0.0,0.0,0.0,1.0198993540966685,0.02657600955207819
SNRNP27,117,53.499666666665014,0.014925561392867258,118,306,0.04432855280312908,1,1,30,77,30.0,29.0,0.23119540576790942,0.43533334136009216,6.704666767269373,4.0,4.0,0.07383334636688232,0.1353333443403244,0.2953333854675293,0.0,0.0,0.0,0.0,0.0,3.709819003064887,0.09561578416569956,30.0,29.0,1.0,1.0,29.0,0.0,0.0,0.0,0.0,0.0,0.0,0.0,0.0,0.0,0.0,0.0,0.0,30.0,29.0,0.23119540576790942,0.43533334136009216,6.704666767269373,0.0,0.0,0.0,0.0,0.0,0.0,0.0,0.0,0.0,0.0,0.0,0.0
SNX6,77,35.73033333333401,0.031622270373408944,78,272,0.09057609057609058,1,1,30,78,30.0,29.0,0.34731034362881347,0.48899999260902405,10.071999965235591,10.0,10.0,0.02183334231376648,0.132666677236557,0.2183334231376648,0.0,0.0,0.0,0.0,0.0,3.943294911409924,0.09277802245876533,30.0,29.0,1.0,1.0,29.0,0.0,0.0,0.0,0.0,0.0,0.0,0.0,0.0,0.0,0.0,0.0,0.0,30.0,29.0,0.34731034362881347,0.48899999260902405,10.071999965235591,8.0,8.0,0.008000008761882782,0.012333333492279053,0.06400007009506226,0.0,0.0,0.0,0.0,0.0,0.1335383665114918,0.007659163169851659
SOCS4,18,6.213999999998999,0.02713683952637052,19,29,0.1695906432748538,0,0,19,29,19.0,18.0,0.6088518500328064,1.0,10.959333300590515,1.0,1.0,0.005666673183441162,0.005666673183441162,0.005666673183441162,0.0,0.0,0.0,0.0,0.0,0.20233078690469214,0.0039672703314645235,19.0,18.0,1.0,1.0,18.0,0.0,0.0,0.0,0.0,0.0,0.0,0.0,0.0,0.0,0.0,0.0,0.0,19.0,18.0,0.6088518500328064,1.0,10.959333300590515,1.0,1.0,0.005666673183441162,0.005666673183441162,0.005666673183441162,0.0,0.0,0.0,0.0,0.0,0.20233078690469214,0.0039672703314645235
SPATA18,3,1.408000000001,0.1283519633241971,4,4,0.6666666666666666,0,0,4,4,4.0,3.0,0.39044444759686786,0.4166666567325592,1.1713333427906036,0.0,0.0,0.0,0.0,0.0,0.0,0.0,0.0,0.0,0.0,0.0,0.0,4.0,3.0,1.0,1.0,3.0,0.0,0.0,0.0,0.0,0.0,0.0,0.0,0.0,0.0,0.0,0.0,0.0,4.0,3.0,0.39044444759686786,0.4166666567325592,1.1713333427906036,0.0,0.0,0.0,0.0,0.0,0.0,0.0,0.0,0.0,0.0,0.0,0.0
SRSF1,193,112.88933333333603,0.12553842994847042,194,4134,0.22082153731104107,5,1,30,195,30.0,29.0,0.07072413799449287,0.1316666603088379,2.0510000018402934,17.0,17.0,0.025980394114466274,0.0833333358168602,0.44166669994592667,1.0,1.0,0.0006666779518127441,0.0006666779518127441,0.0006666779518127441,6.919569826406537,0.05829546129818126,30.0,29.0,1.0,1.0,29.0,0.0,0.0,0.0,0.0,0.0,0.0,0.0,0.0,0.0,0.0,0.0,0.0,30.0,29.0,0.07072413799449287,0.1316666603088379,2.0510000018402934,16.0,16.0,0.019312501419335604,0.05899999290704727,0.30900002270936966,0.0,0.0,0.0,0.0,0.0,3.716917623164637,0.0416236126000719
SRSF11,95,55.64066666666698,0.11641010638918863,96,984,0.21578947368421053,1,1,30,158,30.0,29.0,0.11818390917675249,0.3333333432674408,3.427333366125822,16.0,16.0,0.04666666267439723,0.1236666664481163,0.7466666027903557,1.0,1.0,0.015333354473114014,0.015333354473114014,0.015333354473114014,8.855786368348816,0.08737318676216246,30.0,29.0,1.0,1.0,29.0,0.0,0.0,0.0,0.0,0.0,0.0,0.0,0.0,0.0,0.0,0.0,0.0,30.0,29.0,0.11818390917675249,0.3333333432674408,3.427333366125822,8.0,8.0,0.015916665084660053,0.03733333945274353,0.12733332067728043,0.0,0.0,0.0,0.0,0.0,0.6702205879678081,0.025908591046006273
STAT3,265,141.51699999999394,0.027121942876213768,266,1990,0.0564619094907079,6,1,30,76,28.0,27.0,0.2364320981281775,0.29466667771339417,6.3836666494607925,3.0,3.0,0.013555556535720825,0.030999988317489624,0.040666669607162476,0.0,0.0,0.0,0.0,0.0,0.9593727243925516,0.021689251889225117,30.0,29.0,1.0,1.0,29.0,0.0,0.0,0.0,0.0,0.0,0.0,0.0,0.0,0.0,0.0,0.0,0.0,30.0,29.0,0.22012650515382026,0.29466667771339417,6.3836686494607875,2.0,2.0,0.004833340644836426,0.006333351135253906,0.009666681289672852,0.0,0.0,0.0,0.0,0.0,0.08573527447479787,0.004476033703045709
STPG2,3,0.0,0.0,4,3,0.5,0,0,4,3,4.0,3.0,1.0,1.0,3.0,0.0,0.0,0.0,0.0,0.0,0.0,0.0,0.0,0.0,0.0,0.0,0.0,4.0,3.0,1.0,1.0,3.0,0.0,0.0,0.0,0.0,0.0,0.0,0.0,0.0,0.0,0.0,0.0,0.0,4.0,3.0,1.0,1.0,3.0,0.0,0.0,0.0,0.0,0.0,0.0,0.0,0.0,0.0,0.0,0.0,0.0
TAF1,76,43.66433333333301,0.08474596139555858,77,489,0.16712235133287764,14,1,30,142,30.0,29.0,0.2394597689653265,0.33633333444595337,6.944333299994469,9.0,9.0,0.020592600107192993,0.03866669535636902,0.18533340096473694,1.0,1.0,0.01600000262260437,0.01600000262260437,0.01600000262260437,3.0611254500258207,0.027010096219417568,30.0,29.0,1.0,1.0,29.0,0.0,0.0,0.0,0.0,0.0,0.0,0.0,0.0,0.0,0.0,0.0,0.0,30.0,29.0,0.2394597689653265,0.33633333444595337,6.944333299994469,9.0,9.0,0.020592600107192993,0.03866669535636902,0.18533340096473694,1.0,1.0,0.01600000262260437,0.01600000262260437,0.01600000262260437,3.0611254500258207,0.027010096219417568
TAF15,158,80.50099999999024,0.044623412626914896,159,1178,0.09378234217020938,2,1,30,101,30.0,29.0,0.2332413799033083,0.33633333444595337,6.76400001719594,6.0,6.0,0.0333333412806193,0.09166666865348816,0.20000004768371582,0.0,0.0,0.0,0.0,0.0,3.307052505129308,0.06480179236175045,30.0,29.0,1.0,1.0,29.0,0.0,0.0,0.0,0.0,0.0,0.0,0.0,0.0,0.0,0.0,0.0,0.0,30.0,29.0,0.2332413799033083,0.33633333444595337,6.76400001719594,6.0,6.0,0.03322222828865051,0.09166666865348816,0.19933336973190308,0.0,0.0,0.0,0.0,0.0,3.316116690663758,0.06443773122267753
TAF4,56,34.93199999999701,0.11892147618734891,57,353,0.2211779448621554,16,1,30,169,30.0,29.0,0.1932413786135871,0.3606666624546051,5.603999979794025,9.0,9.0,0.0474814772605896,0.12133333086967468,0.4273332953453064,0.0,0.0,0.0,0.0,0.0,6.707829746704259,0.0855949229654833,30.0,29.0,1.0,1.0,29.0,0.0,0.0,0.0,0.0,0.0,0.0,0.0,0.0,0.0,0.0,0.0,0.0,30.0,29.0,0.1932413786135871,0.3606666624546051,5.603999979794025,9.0,9.0,0.0474814772605896,0.12133333086967468,0.4273332953453064,0.0,0.0,0.0,0.0,0.0,6.707829746704259,0.0855949229654833
TAF7,46,27.445999999999998,0.11634150405307483,47,218,0.20166512488436633,12,1,30,166,30.0,29.0,0.22641379180653343,0.39399999380111694,6.565999962389469,2.0,2.0,0.0066666752099990845,0.010000020265579224,0.013333350419998169,0.0,0.0,0.0,0.0,0.0,0.10513286700673372,0.006856370864192623,30.0,29.0,1.0,1.0,29.0,0.0,0.0,0.0,0.0,0.0,0.0,0.0,0.0,0.0,0.0,0.0,0.0,30.0,29.0,0.22641379180653343,0.39399999380111694,6.565999962389469,2.0,2.0,0.002833336591720581,0.0033333301544189453,0.005666673183441162,0.0,0.0,0.0,0.0,0.0,0.015570370335935788,0.0021096525735977423
TATDN1,38,17.336000000004,0.05490477772637845,39,130,0.17543859649122806,0,0,30,92,30.0,29.0,0.41358621058792905,0.6259999871253967,11.994000107049942,2.0,2.0,0.08383332192897797,0.12133333086967468,0.16766664385795593,1.0,1.0,0.005666673183441162,0.005666673183441162,0.005666673183441162,4.2218049001492,0.0856929365049342,30.0,29.0,1.0,1.0,29.0,0.0,0.0,0.0,0.0,0.0,0.0,0.0,0.0,0.0,0.0,0.0,0.0,30.0,29.0,0.41358621058792905,0.6259999871253967,11.994000107049942,2.0,2.0,0.08383332192897797,0.12133333086967468,0.16766664385795593,1.0,1.0,0.005666673183441162,0.005666673183441162,0.005666673183441162,4.2218049001492,0.0856929365049342
TBC1D1,19,12.138333333334,0.1290150585617567,20,68,0.35789473684210527,0,0,20,68,17.0,16.0,0.3797500003129244,1.0,6.07600000500679,2.0,2.0,0.039000004529953,0.05500000715255737,0.078000009059906,0.0,0.0,0.0,0.0,0.0,0.28513911631516353,0.037217621847381054,20.0,19.0,1.0,1.0,19.0,0.0,0.0,0.0,0.0,0.0,0.0,0.0,0.0,0.0,0.0,0.0,0.0,20.0,19.0,0.31978963184246223,1.0,6.076003005006783,0.0,0.0,0.0,0.0,0.0,0.0,0.0,0.0,0.0,0.0,0.0,0.0
TFRC,99,44.59933333333328,0.03640375566290777,100,492,0.0993939393939394,2,1,30,73,30.0,29.0,0.36708046084847945,0.49133333563804626,10.645333364605904,15.0,15.0,0.04228889544804891,0.0833333432674408,0.6343334317207336,0.0,0.0,0.0,0.0,0.0,11.055042226334319,0.05836549079075529,30.0,29.0,1.0,1.0,29.0,0.0,0.0,0.0,0.0,0.0,0.0,0.0,0.0,0.0,0.0,0.0,0.0,30.0,29.0,0.36708046084847945,0.49133333563804626,10.645333364605904,15.0,15.0,0.04228889544804891,0.0833333432674408,0.6343334317207336,0.0,0.0,0.0,0.0,0.0,11.055042226334319,0.05836549079075529
THAP6,2,0.774666666667,0.0,3,2,0.6666666666666666,0,0,3,2,3.0,2.0,0.612666666507721,0.6213333606719971,1.225333333015442,0.0,0.0,0.0,0.0,0.0,0.0,0.0,0.0,0.0,0.0,0.0,0.0,3.0,2.0,1.0,1.0,2.0,0.0,0.0,0.0,0.0,0.0,0.0,0.0,0.0,0.0,0.0,0.0,0.0,3.0,2.0,0.612666666507721,0.6213333606719971,1.225333333015442,0.0,0.0,0.0,0.0,0.0,0.0,0.0,0.0,0.0,0.0,0.0,0.0
TINAG,24,3.7076666666664,0.004527940491668549,25,32,0.10666666666666667,0,0,25,32,24.0,23.0,0.8064347816550214,1.0,18.54799997806549,1.0,1.0,0.0653333067893982,0.0653333067893982,0.0653333067893982,0.0,0.0,0.0,0.0,0.0,2.332751324430052,0.04574022204764805,25.0,24.0,1.0,1.0,24.0,0.0,0.0,0.0,0.0,0.0,0.0,0.0,0.0,0.0,0.0,0.0,0.0,25.0,24.0,0.772833374086062,1.0,18.548000978065488,0.0,0.0,0.0,0.0,0.0,0.0,0.0,0.0,0.0,0.0,0.0,0.0
TLN2,28,9.566666666665,0.015828861510239482,29,53,0.13054187192118227,0,0,29,53,29.0,28.0,0.593904761331422,1.0,16.629333317279816,1.0,1.0,0.11400002241134644,0.11400002241134644,0.11400002241134644,0.0,0.0,0.0,0.0,0.0,4.070415479234212,0.07981206822027868,29.0,28.0,1.0,1.0,28.0,0.0,0.0,0.0,0.0,0.0,0.0,0.0,0.0,0.0,0.0,0.0,0.0,29.0,28.0,0.593904761331422,1.0,16.629333317279816,1.0,1.0,0.11400002241134644,0.11400002241134644,0.11400002241134644,0.0,0.0,0.0,0.0,0.0,4.070415479234212,0.07981206822027868
TMED1,19,9.658333333334001,0.08149398223862639,20,44,0.23157894736842105,0,0,20,44,20.0,19.0,0.4266491202931655,0.7723333239555359,8.106333285570145,2.0,2.0,0.040833309292793274,0.0599999725818634,0.08166661858558655,0.0,0.0,0.0,0.0,0.0,2.4217016481413225,0.04200632424123026,20.0,19.0,1.0,1.0,19.0,0.0,0.0,0.0,0.0,0.0,0.0,0.0,0.0,0.0,0.0,0.0,0.0,20.0,19.0,0.4266491202931655,0.7723333239555359,8.106333285570145,2.0,2.0,0.040833309292793274,0.0599999725818634,0.08166661858558655,0.0,0.0,0.0,0.0,0.0,2.4217016481413225,0.04200632424123026
TMEM42,1,0.0,0.0,2,1,1.0,0,0,2,1,2.0,1.0,1.0,1.0,1.0,0.0,0.0,0.0,0.0,0.0,0.0,0.0,0.0,0.0,0.0,0.0,0.0,2.0,1.0,1.0,1.0,1.0,0.0,0.0,0.0,0.0,0.0,0.0,0.0,0.0,0.0,0.0,0.0,0.0,2.0,1.0,1.0,1.0,1.0,0.0,0.0,0.0,0.0,0.0,0.0,0.0,0.0,0.0,0.0,0.0,0.0
TNFRSF19,39,11.2836666666682,0.0029747422641757536,40,46,0.05897435897435897,1,1,30,33,30.0,29.0,0.6138160906988999,0.8053333163261414,17.800666630268097,0.0,0.0,0.0,0.0,0.0,0.0,0.0,0.0,0.0,0.0,0.0,0.0,30.0,29.0,1.0,1.0,29.0,0.0,0.0,0.0,0.0,0.0,0.0,0.0,0.0,0.0,0.0,0.0,0.0,30.0,29.0,0.6138160906988999,0.8053333163261414,17.800666630268097,0.0,0.0,0.0,0.0,0.0,0.0,0.0,0.0,0.0,0.0,0.0,0.0
TRAPPC12,69,39.3456666666664,0.16121513774634336,70,765,0.3167701863354037,1,1,30,212,21.0,20.0,0.22711666664108635,0.36533331871032715,4.542333332821727,7.0,7.0,0.02242856366293771,0.04399999976158142,0.15699994564056396,1.0,1.0,0.009000003337860107,0.009000003337860107,0.009000003337860107,0.9213154501080674,0.030729966219305314,30.0,29.0,1.0,1.0,29.0,0.0,0.0,0.0,0.0,0.0,0.0,0.0,0.0,0.0,0.0,0.0,0.0,30.0,29.0,0.15663249423523118,0.36533331871032715,4.542342332821704,5.0,5.0,0.01946665644645691,0.03999999165534973,0.09733328223228455,0.0,0.0,0.0,0.0,0.0,1.8997217668186301,0.0281909157109411
TRIM17,24,11.807000000002999,0.08851654621915568,25,70,0.23333333333333334,0,0,25,70,25.0,24.0,0.3999444454287489,0.6113333106040955,9.598666690289974,13.0,13.0,0.07002565035453209,0.2303333580493927,0.9103334546089172,0.0,0.0,0.0,0.0,0.0,13.675135314379245,0.16256453845112925,25.0,24.0,1.0,1.0,24.0,0.0,0.0,0.0,0.0,0.0,0.0,0.0,0.0,0.0,0.0,0.0,0.0,25.0,24.0,0.3999444454287489,0.6113333106040955,9.598666690289974,12.0,12.0,0.06350000699361165,0.16233333945274353,0.7620000839233398,2.0,2.0,0.01199999451637268,0.01433330774307251,0.02399998903274536,9.311837060409257,0.11444863751233358
TRIM58,6,1.1746666666663002,0.04527596725658415,7,9,0.42857142857142855,0,0,7,9,7.0,6.0,0.6687777787446976,0.8190000057220459,4.012666672468185,0.0,0.0,0.0,0.0,0.0,0.0,0.0,0.0,0.0,0.0,0.0,0.0,7.0,6.0,1.0,1.0,6.0,0.0,0.0,0.0,0.0,0.0,0.0,0.0,0.0,0.0,0.0,0.0,0.0,7.0,6.0,0.6687777787446976,0.8190000057220459,4.012666672468185,0.0,0.0,0.0,0.0,0.0,0.0,0.0,0.0,0.0,0.0,0.0,0.0
TRIM7,9,4.911666666668,0.06939097762490903,10,13,0.28888888888888886,0,0,10,13,10.0,9.0,0.380407403740618,0.5073333382606506,3.4236666336655617,0.0,0.0,0.0,0.0,0.0,0.0,0.0,0.0,0.0,0.0,0.0,0.0,10.0,9.0,1.0,1.0,9.0,0.0,0.0,0.0,0.0,0.0,0.0,0.0,0.0,0.0,0.0,0.0,0.0,10.0,9.0,0.380407403740618,0.5073333382606506,3.4236666336655617,0.0,0.0,0.0,0.0,0.0,0.0,0.0,0.0,0.0,0.0,0.0,0.0
TSPAN11,12,0.0,0.0,13,21,0.2692307692307692,0,0,13,21,13.0,12.0,0.8021944438417753,1.0,9.626333326101303,0.0,0.0,0.0,0.0,0.0,0.0,0.0,0.0,0.0,0.0,0.0,0.0,13.0,12.0,1.0,1.0,12.0,0.0,0.0,0.0,0.0,0.0,0.0,0.0,0.0,0.0,0.0,0.0,0.0,13.0,12.0,0.8021944438417753,1.0,9.626333326101303,0.0,0.0,0.0,0.0,0.0,0.0,0.0,0.0,0.0,0.0,0.0,0.0
TTC17,30,12.498999999999997,0.01232918607795104,31,42,0.09032258064516129,0,0,30,40,30.0,29.0,0.5566206913569878,1.0,16.142000049352646,1.0,1.0,0.09166666865348816,0.09166666865348816,0.09166666865348816,0.0,0.0,0.0,0.0,0.0,3.2729943303928244,0.06417635941946717,30.0,29.0,1.0,1.0,29.0,0.0,0.0,0.0,0.0,0.0,0.0,0.0,0.0,0.0,0.0,0.0,0.0,30.0,29.0,0.5566206913569878,1.0,16.142000049352646,1.0,1.0,0.09166666865348816,0.09166666865348816,0.09166666865348816,0.0,0.0,0.0,0.0,0.0,3.2729943303928244,0.06417635941946717
TUFM,211,115.70733333333591,0.0796688220168057,212,3430,0.15335777519449165,1,1,30,233,27.0,26.0,0.07596153866213101,0.20200000703334808,1.9750000052154064,4.0,4.0,0.003333332948386669,0.00533333420753479,0.013333331793546677,0.0,0.0,0.0,0.0,0.0,0.015584350414289773,0.0030758032473401525,30.0,29.0,1.0,1.0,29.0,0.0,0.0,0.0,0.0,0.0,0.0,0.0,0.0,0.0,0.0,0.0,0.0,30.0,29.0,0.06810355190397926,0.20200000703334808,1.9750030052153988,3.0,3.0,0.002999999870856603,0.00533333420753479,0.008999999612569809,0.0,0.0,0.0,0.0,0.0,0.04596893619837167,0.0037152283173857584
UGGT2,12,5.554333333333001,0.022587651169260144,13,16,0.20512820512820512,0,0,13,16,13.0,12.0,0.5274722259491682,1.0,6.3296667113900185,0.0,0.0,0.0,0.0,0.0,0.0,0.0,0.0,0.0,0.0,0.0,0.0,13.0,12.0,1.0,1.0,12.0,0.0,0.0,0.0,0.0,0.0,0.0,0.0,0.0,0.0,0.0,0.0,0.0,13.0,12.0,0.5274722259491682,1.0,6.3296667113900185,0.0,0.0,0.0,0.0,0.0,0.0,0.0,0.0,0.0,0.0,0.0,0.0
USP17L17,1,0.0,0.0,2,1,1.0,0,0,2,1,2.0,1.0,1.0,1.0,1.0,0.0,0.0,0.0,0.0,0.0,0.0,0.0,0.0,0.0,0.0,0.0,0.0,2.0,1.0,1.0,1.0,1.0,0.0,0.0,0.0,0.0,0.0,0.0,0.0,0.0,0.0,0.0,0.0,0.0,2.0,1.0,1.0,1.0,1.0,0.0,0.0,0.0,0.0,0.0,0.0,0.0,0.0,0.0,0.0,0.0,0.0
VAV1,86,42.96633333333629,0.05184026654125526,87,428,0.11440791232290831,3,1,30,139,30.0,29.0,0.311643678052672,0.437666654586792,9.037666663527489,10.0,10.0,0.033299997448921204,0.09333333373069763,0.33299997448921204,0.0,0.0,0.0,0.0,0.0,6.017285863882153,0.06583326345233688,30.0,29.0,1.0,1.0,29.0,0.0,0.0,0.0,0.0,0.0,0.0,0.0,0.0,0.0,0.0,0.0,0.0,30.0,29.0,0.311643678052672,0.437666654586792,9.037666663527489,10.0,10.0,0.033299997448921204,0.09333333373069763,0.33299997448921204,0.0,0.0,0.0,0.0,0.0,6.017285863882153,0.06583326345233688
VHL,361,189.23633333332967,0.029320886497769916,362,3853,0.05896757013207634,6,1,30,58,30.0,29.0,0.2215862087905407,0.3173333406448364,6.42600005492568,6.0,6.0,0.01777777075767517,0.041999995708465576,0.10666662454605103,0.0,0.0,0.0,0.0,0.0,1.7091674390868359,0.029693818080420705,30.0,29.0,1.0,1.0,29.0,0.0,0.0,0.0,0.0,0.0,0.0,0.0,0.0,0.0,0.0,0.0,0.0,30.0,29.0,0.2215862087905407,0.3173333406448364,6.42600005492568,3.0,3.0,0.005888889233271281,0.008000016212463379,0.017666667699813843,0.0,0.0,0.0,0.0,0.0,0.2061765203303953,0.005619533620747237
VIM,311,142.311666666665,0.030120998948774933,312,3446,0.07102811443647457,1,1,30,87,30.0,29.0,0.2798160932444293,0.41999998688697815,8.11466670408845,9.0,9.0,0.024481475353240967,0.07133331894874573,0.2203332781791687,1.0,1.0,0.005666673183441162,0.005666673183441162,0.005666673183441162,3.5059326803055417,0.050108885193577944,30.0,29.0,1.0,1.0,29.0,0.0,0.0,0.0,0.0,0.0,0.0,0.0,0.0,0.0,0.0,0.0,0.0,30.0,29.0,0.2798160932444293,0.41999998688697815,8.11466670408845,7.0,7.0,0.027428558894566128,0.07133331894874573,0.1919999122619629,0.0,0.0,0.0,0.0,0.0,3.3187474606430967,0.050108885193577944
WASF2,46,21.147999999998294,0.09037347147208498,47,244,0.22571692876965774,3,1,30,133,30.0,29.0,0.3592873565081892,0.5486666560173035,10.419333338737488,14.0,14.0,0.023857144372803823,0.06333333253860474,0.33400002121925354,0.0,0.0,0.0,0.0,0.0,2.6697360573546303,0.04471808544076803,30.0,29.0,1.0,1.0,29.0,0.0,0.0,0.0,0.0,0.0,0.0,0.0,0.0,0.0,0.0,0.0,0.0,30.0,29.0,0.3592873565081892,0.5486666560173035,10.419333338737488,13.0,13.0,0.0250000013754918,0.06333333253860474,0.32500001788139343,0.0,0.0,0.0,0.0,0.0,2.6560606502227064,0.04471808544076803
WDR12,70,40.824333333331,0.06988952099347615,71,358,0.14406438631790744,2,1,30,129,30.0,29.0,0.2802298850026624,0.37466666102409363,8.12666666507721,2.0,2.0,0.010999999940395355,0.01666666567325592,0.02199999988079071,0.0,0.0,0.0,0.0,0.0,0.06309352394373574,0.0115284062954367,30.0,29.0,1.0,1.0,29.0,0.0,0.0,0.0,0.0,0.0,0.0,0.0,0.0,0.0,0.0,0.0,0.0,30.0,29.0,0.2802298850026624,0.37466666102409363,8.12666666507721,1.0,1.0,0.01666666567325592,0.01666666567325592,0.01666666567325592,0.0,0.0,0.0,0.0,0.0,0.5950898298848952,0.011668428036958733
WDR83,138,72.6283333333347,0.03830845588732681,139,835,0.08706078615368575,1,1,30,162,29.0,28.0,0.1314642848530119,0.3373333215713501,3.6809999758843333,5.0,5.0,0.023333333432674408,0.05433334410190582,0.11666666716337204,0.0,0.0,0.0,0.0,0.0,0.9586829157905039,0.03755367202401539,30.0,29.0,1.0,1.0,29.0,0.0,0.0,0.0,0.0,0.0,0.0,0.0,0.0,0.0,0.0,0.0,0.0,30.0,29.0,0.12693106813394245,0.3373333215713501,3.6810009758843307,2.0,2.0,0.028166670352220535,0.05433334410190582,0.05633334070444107,0.0,0.0,0.0,0.0,0.0,1.942649077421116,0.03803908520693041
WFDC10B,1,0.0,0.0,2,1,1.0,0,0,2,1,2.0,1.0,1.0,1.0,1.0,0.0,0.0,0.0,0.0,0.0,0.0,0.0,0.0,0.0,0.0,0.0,0.0,2.0,1.0,1.0,1.0,1.0,0.0,0.0,0.0,0.0,0.0,0.0,0.0,0.0,0.0,0.0,0.0,0.0,2.0,1.0,1.0,1.0,1.0,0.0,0.0,0.0,0.0,0.0,0.0,0.0,0.0,0.0,0.0,0.0,0.0
WHSC1,68,0.0,0.0,69,409,0.17433930093776642,0,0,30,107,30.0,29.0,0.4100459748557929,1.0,11.891333270817995,11.0,11.0,0.19857575405727734,0.6226666569709778,2.1843332946300507,1.0,1.0,0.32833331823349,0.32833331823349,0.32833331823349,58.87472561948762,0.4369499723316176,30.0,29.0,1.0,1.0,29.0,0.0,0.0,0.0,0.0,0.0,0.0,0.0,0.0,0.0,0.0,0.0,0.0,30.0,29.0,0.4100459748557929,1.0,11.891333270817995,10.0,10.0,0.08339999616146088,0.24799996614456177,0.8339999616146088,1.0,1.0,0.08266663551330566,0.08266663551330566,0.08266663551330566,12.034478745974353,0.17280942955542308
XAF1,14,4.509333333333,0.09055728206702827,15,33,0.3142857142857143,0,0,15,33,15.0,14.0,0.39830952669892994,0.7730000019073486,5.576333373785019,2.0,2.0,0.2006666660308838,0.3683333396911621,0.4013333320617676,0.0,0.0,0.0,0.0,0.0,13.25705283154918,0.25787227943832564,15.0,14.0,1.0,1.0,14.0,0.0,0.0,0.0,0.0,0.0,0.0,0.0,0.0,0.0,0.0,0.0,0.0,15.0,14.0,0.39830952669892994,0.7730000019073486,5.576333373785019,2.0,2.0,0.1653333306312561,0.30633336305618286,0.3306666612625122,1.0,1.0,0.026333332061767578,0.026333332061767578,0.026333332061767578,11.006773670762101,0.2144657409115917
XBP1,31,16.293000000002,0.03400469045130553,32,60,0.12096774193548387,0,0,30,58,30.0,29.0,0.38406896591186523,0.6666666865348816,11.138000011444092,4.0,4.0,0.029083333909511566,0.052666664123535156,0.11633333563804626,0.0,0.0,0.0,0.0,0.0,1.1335178535099781,0.03708687731575398,30.0,29.0,1.0,1.0,29.0,0.0,0.0,0.0,0.0,0.0,0.0,0.0,0.0,0.0,0.0,0.0,0.0,30.0,29.0,0.38406896591186523,0.6666666865348816,11.138000011444092,4.0,4.0,0.029083333909511566,0.052666664123535156,0.11633333563804626,0.0,0.0,0.0,0.0,0.0,1.1335178535099781,0.03708687731575398
XKRY,1,0.049,0.0,2,1,1.0,0,0,2,1,2.0,1.0,0.9509999752044678,0.9509999752044678,0.9509999752044678,0.0,0.0,0.0,0.0,0.0,0.0,0.0,0.0,0.0,0.0,0.0,0.0,2.0,1.0,1.0,1.0,1.0,0.0,0.0,0.0,0.0,0.0,0.0,0.0,0.0,0.0,0.0,0.0,0.0,2.0,1.0,0.9509999752044678,0.9509999752044678,0.9509999752044678,0.0,0.0,0.0,0.0,0.0,0.0,0.0,0.0,0.0,0.0,0.0,0.0
XRCC6,338,173.73066666666398,0.04510686787030883,339,5240,0.09146288247717792,23,1,30,113,30.0,29.0,0.25713792957108594,0.3346666693687439,7.456999957561493,12.0,12.0,0.019583334525426228,0.05700001120567322,0.23500001430511475,0.0,0.0,0.0,0.0,0.0,4.093280258473052,0.04004604844466567,30.0,29.0,1.0,1.0,29.0,0.0,0.0,0.0,0.0,0.0,0.0,0.0,0.0,0.0,0.0,0.0,0.0,30.0,29.0,0.25713792957108594,0.3346666693687439,7.456999957561493,12.0,12.0,0.019583334525426228,0.05700001120567322,0.23500001430511475,0.0,0.0,0.0,0.0,0.0,4.093280258473052,0.04004604844466567
ZDHHC21,8,2.16,0.0,9,8,0.2222222222222222,0,0,9,8,9.0,8.0,0.7299999967217445,1.0,5.839999973773956,0.0,0.0,0.0,0.0,0.0,0.0,0.0,0.0,0.0,0.0,0.0,0.0,9.0,8.0,1.0,1.0,8.0,0.0,0.0,0.0,0.0,0.0,0.0,0.0,0.0,0.0,0.0,0.0,0.0,9.0,8.0,0.7299999967217445,1.0,5.839999973773956,0.0,0.0,0.0,0.0,0.0,0.0,0.0,0.0,0.0,0.0,0.0,0.0
ZMYND19,42,10.487999999990599,0.022010154982210015,43,106,0.11738648947951273,0,0,30,71,30.0,29.0,0.528344836214493,0.6666666865348816,15.322000250220299,3.0,3.0,0.08944440881411235,0.13133329153060913,0.26833322644233704,0.0,0.0,0.0,0.0,0.0,3.4169014726190197,0.09090171862436908,30.0,29.0,1.0,1.0,29.0,0.0,0.0,0.0,0.0,0.0,0.0,0.0,0.0,0.0,0.0,0.0,0.0,30.0,29.0,0.528344836214493,0.6666666865348816,15.322000250220299,3.0,3.0,0.08022219936052959,0.13133329153060913,0.24066659808158875,0.0,0.0,0.0,0.0,0.0,2.773883353692577,0.09090171862436908
ZNF445,19,3.5166666666634008,0.014700537112388286,20,37,0.19473684210526315,0,0,20,37,20.0,19.0,0.6838596588686893,1.0,12.993333518505096,0.0,0.0,0.0,0.0,0.0,0.0,0.0,0.0,0.0,0.0,0.0,0.0,20.0,19.0,1.0,1.0,19.0,0.0,0.0,0.0,0.0,0.0,0.0,0.0,0.0,0.0,0.0,0.0,0.0,20.0,19.0,0.6838596588686893,1.0,12.993333518505096,0.0,0.0,0.0,0.0,0.0,0.0,0.0,0.0,0.0,0.0,0.0,0.0
ZNF577,1,0.0713333333333,0.0,2,1,1.0,0,0,2,1,2.0,1.0,0.9286666512489319,0.9286666512489319,0.9286666512489319,0.0,0.0,0.0,0.0,0.0,0.0,0.0,0.0,0.0,0.0,0.0,0.0,2.0,1.0,1.0,1.0,1.0,0.0,0.0,0.0,0.0,0.0,0.0,0.0,0.0,0.0,0.0,0.0,0.0,2.0,1.0,0.9286666512489319,0.9286666512489319,0.9286666512489319,0.0,0.0,0.0,0.0,0.0,0.0,0.0,0.0,0.0,0.0,0.0,0.0
ZNF80,1,0.0713333333333,0.0,2,1,1.0,0,0,2,1,2.0,1.0,0.9286666512489319,0.9286666512489319,0.9286666512489319,0.0,0.0,0.0,0.0,0.0,0.0,0.0,0.0,0.0,0.0,0.0,0.0,2.0,1.0,1.0,1.0,1.0,0.0,0.0,0.0,0.0,0.0,0.0,0.0,0.0,0.0,0.0,0.0,0.0,2.0,1.0,0.9286666512489319,0.9286666512489319,0.9286666512489319,0.0,0.0,0.0,0.0,0.0,0.0,0.0,0.0,0.0,0.0,0.0,0.0
